starttime,task,withinblocktrial,block,running,traindiffcond,trialdifflevel,dotsLeft,dotsRight,rt,resp,cor,cresp,conf_press,cj,RTconf,n_xes,n_reddots,post1,post2,post3,post4,stoptime,sub,age,gender,handedness,
1613576204,dotnumber,0,0,training,average,average,37,50,2504,['c'],0,right,none,-99,-99,,,,,,,,23,18,Man,Rechts,
,dotnumber,1,0,training,average,average,50,63,1553,['c'],0,right,none,-99,-99,,,,,,,,23,18,Man,Rechts,
,dotnumber,2,0,training,average,average,62,50,1035,['c'],1,left,none,-99,-99,,,,,,,,23,18,Man,Rechts,
,dotnumber,3,0,training,average,average,63,50,1202,['n'],0,left,none,-99,-99,,,,,,,,23,18,Man,Rechts,
,dotnumber,4,0,training,average,average,50,38,1753,['n'],0,left,none,-99,-99,,,,,,,,23,18,Man,Rechts,
,dotnumber,5,0,training,average,average,50,36,2370,['c'],1,left,none,-99,-99,,,,,,,,23,18,Man,Rechts,
,dotnumber,6,0,training,average,average,50,35,1153,['n'],0,left,none,-99,-99,,,,,,,,23,18,Man,Rechts,
,dotnumber,7,0,training,average,average,65,50,852,['n'],0,left,none,-99,-99,,,,,,,,23,18,Man,Rechts,
,dotnumber,8,0,training,average,average,37,50,885,['n'],1,right,none,-99,-99,,,,,,,,23,18,Man,Rechts,
,dotnumber,9,0,training,average,average,37,50,1553,['c'],0,right,none,-99,-99,,,,,,,,23,18,Man,Rechts,
,dotnumber,10,0,training,average,average,64,50,2103,['c'],1,left,none,-99,-99,,,,,,,,23,18,Man,Rechts,
,dotnumber,11,0,training,average,average,50,62,735,['n'],1,right,none,-99,-99,,,,,,,,23,18,Man,Rechts,
,dotnumber,12,0,training,average,average,50,35,985,['c'],1,left,none,-99,-99,,,,,,,,23,18,Man,Rechts,
,dotnumber,13,0,training,average,average,38,50,902,['n'],1,right,none,-99,-99,,,,,,,,23,18,Man,Rechts,
,dotnumber,14,0,training,average,average,37,50,801,['n'],1,right,none,-99,-99,,,,,,,,23,18,Man,Rechts,
,dotnumber,15,0,training,average,average,50,64,869,['n'],1,right,none,-99,-99,,,,,,,,23,18,Man,Rechts,
,dotnumber,16,0,training,average,average,36,50,1152,['c'],0,right,none,-99,-99,,,,,,,,23,18,Man,Rechts,
,dotnumber,17,0,training,average,average,50,63,1452,['n'],1,right,none,-99,-99,,,,,,,,23,18,Man,Rechts,
,dotnumber,18,0,training,average,average,50,64,1369,['c'],0,right,none,-99,-99,,,,,,,,23,18,Man,Rechts,
,dotnumber,19,0,training,average,average,50,36,902,['c'],1,left,none,-99,-99,,,,,,,,23,18,Man,Rechts,
,dotnumber,20,0,training,average,average,50,65,1002,['c'],0,right,none,-99,-99,,,,,,,,23,18,Man,Rechts,
,dotnumber,21,0,training,average,average,50,38,1152,['c'],1,left,none,-99,-99,,,,,,,,23,18,Man,Rechts,
,dotnumber,22,0,training,average,average,65,50,1586,['n'],0,left,none,-99,-99,,,,,,,,23,18,Man,Rechts,
,dotnumber,23,0,training,average,average,65,50,752,['c'],1,left,none,-99,-99,,,,,,,,23,18,Man,Rechts,
,dotnumber,0,1,training,average,average,50,37,1704,['c'],1,left,none,-99,-99,,,,,,,,23,18,Man,Rechts,
,dotnumber,1,1,training,average,average,35,50,1068,['n'],1,right,none,-99,-99,,,,,,,,23,18,Man,Rechts,
,dotnumber,2,1,training,average,average,50,65,1318,['n'],1,right,none,-99,-99,,,,,,,,23,18,Man,Rechts,
,dotnumber,3,1,training,average,average,35,50,1435,['c'],0,right,none,-99,-99,,,,,,,,23,18,Man,Rechts,
,dotnumber,4,1,training,average,average,50,37,1437,['c'],1,left,none,-99,-99,,,,,,,,23,18,Man,Rechts,
,dotnumber,5,1,training,average,average,38,50,2020,['n'],1,right,none,-99,-99,,,,,,,,23,18,Man,Rechts,
,dotnumber,6,1,training,average,average,50,37,1035,['n'],0,left,none,-99,-99,,,,,,,,23,18,Man,Rechts,
,dotnumber,7,1,training,average,average,65,50,1869,['c'],1,left,none,-99,-99,,,,,,,,23,18,Man,Rechts,
,dotnumber,8,1,training,average,average,35,50,852,['c'],0,right,none,-99,-99,,,,,,,,23,18,Man,Rechts,
,dotnumber,9,1,training,average,average,61,50,869,['c'],1,left,none,-99,-99,,,,,,,,23,18,Man,Rechts,
,dotnumber,10,1,training,average,average,64,50,903,['n'],0,left,none,-99,-99,,,,,,,,23,18,Man,Rechts,
,dotnumber,11,1,training,average,average,65,50,1135,['n'],0,left,none,-99,-99,,,,,,,,23,18,Man,Rechts,
,dotnumber,12,1,training,average,average,50,36,684,['c'],1,left,none,-99,-99,,,,,,,,23,18,Man,Rechts,
,dotnumber,13,1,training,average,average,50,64,1019,['n'],1,right,none,-99,-99,,,,,,,,23,18,Man,Rechts,
,dotnumber,14,1,training,average,average,64,50,1186,['c'],1,left,none,-99,-99,,,,,,,,23,18,Man,Rechts,
,dotnumber,15,1,training,average,average,50,35,803,['c'],1,left,none,-99,-99,,,,,,,,23,18,Man,Rechts,
,dotnumber,16,1,training,average,average,37,50,752,['n'],1,right,none,-99,-99,,,,,,,,23,18,Man,Rechts,
,dotnumber,17,1,training,average,average,50,63,1869,['c'],0,right,none,-99,-99,,,,,,,,23,18,Man,Rechts,
,dotnumber,18,1,training,average,average,50,63,885,['n'],1,right,none,-99,-99,,,,,,,,23,18,Man,Rechts,
,dotnumber,19,1,training,average,average,50,61,1235,['c'],0,right,none,-99,-99,,,,,,,,23,18,Man,Rechts,
,dotnumber,20,1,training,average,average,50,35,1002,['c'],1,left,none,-99,-99,,,,,,,,23,18,Man,Rechts,
,dotnumber,21,1,training,average,average,37,50,819,['n'],1,right,none,-99,-99,,,,,,,,23,18,Man,Rechts,
,dotnumber,22,1,training,average,average,50,63,1152,['c'],0,right,none,-99,-99,,,,,,,,23,18,Man,Rechts,
,dotnumber,23,1,training,average,average,63,50,968,['c'],1,left,none,-99,-99,,,,,,,,23,18,Man,Rechts,
,dotnumber,0,2,training,average,average,50,36,835,['c'],1,left,none,-99,-99,,,,,,,,23,18,Man,Rechts,
,dotnumber,1,2,training,average,average,39,50,886,['n'],1,right,none,-99,-99,,,,,,,,23,18,Man,Rechts,
,dotnumber,2,2,training,average,average,50,61,1253,['c'],0,right,none,-99,-99,,,,,,,,23,18,Man,Rechts,
,dotnumber,3,2,training,average,average,38,50,919,['n'],1,right,none,-99,-99,,,,,,,,23,18,Man,Rechts,
,dotnumber,4,2,training,average,average,50,64,1302,['n'],1,right,none,-99,-99,,,,,,,,23,18,Man,Rechts,
,dotnumber,5,2,training,average,average,50,36,1353,['c'],1,left,none,-99,-99,,,,,,,,23,18,Man,Rechts,
,dotnumber,6,2,training,average,average,50,65,1135,['c'],0,right,none,-99,-99,,,,,,,,23,18,Man,Rechts,
,dotnumber,7,2,training,average,average,50,35,1235,['n'],0,left,none,-99,-99,,,,,,,,23,18,Man,Rechts,
,dotnumber,8,2,training,average,average,39,50,1086,['c'],0,right,none,-99,-99,,,,,,,,23,18,Man,Rechts,
,dotnumber,9,2,training,average,average,38,50,835,['n'],1,right,none,-99,-99,,,,,,,,23,18,Man,Rechts,
,dotnumber,10,2,training,average,average,50,65,986,['n'],1,right,none,-99,-99,,,,,,,,23,18,Man,Rechts,
,dotnumber,11,2,training,average,average,64,50,1135,['n'],0,left,none,-99,-99,,,,,,,,23,18,Man,Rechts,
,dotnumber,12,2,training,average,average,63,50,902,['c'],1,left,none,-99,-99,,,,,,,,23,18,Man,Rechts,
,dotnumber,13,2,training,average,average,62,50,1119,['c'],1,left,none,-99,-99,,,,,,,,23,18,Man,Rechts,
,dotnumber,14,2,training,average,average,50,64,1069,['n'],1,right,none,-99,-99,,,,,,,,23,18,Man,Rechts,
,dotnumber,15,2,training,average,average,35,50,785,['n'],1,right,none,-99,-99,,,,,,,,23,18,Man,Rechts,
,dotnumber,16,2,training,average,average,50,36,685,['c'],1,left,none,-99,-99,,,,,,,,23,18,Man,Rechts,
,dotnumber,17,2,training,average,average,65,50,719,['c'],1,left,none,-99,-99,,,,,,,,23,18,Man,Rechts,
,dotnumber,18,2,training,average,average,50,38,718,['c'],1,left,none,-99,-99,,,,,,,,23,18,Man,Rechts,
,dotnumber,19,2,training,average,average,50,65,1202,['n'],1,right,none,-99,-99,,,,,,,,23,18,Man,Rechts,
,dotnumber,20,2,training,average,average,64,50,635,['c'],1,left,none,-99,-99,,,,,,,,23,18,Man,Rechts,
,dotnumber,21,2,training,average,average,50,36,718,['c'],1,left,none,-99,-99,,,,,,,,23,18,Man,Rechts,
,dotnumber,22,2,training,average,average,37,50,784,['n'],1,right,none,-99,-99,,,,,,,,23,18,Man,Rechts,
,dotnumber,23,2,training,average,average,62,50,1136,['c'],1,left,none,-99,-99,,,,,,,,23,18,Man,Rechts,
,dotnumber,0,3,training,average,average,37,50,885,['c'],0,right,none,-99,-99,,,,,,,,23,18,Man,Rechts,
,dotnumber,1,3,training,average,average,62,50,685,['c'],1,left,none,-99,-99,,,,,,,,23,18,Man,Rechts,
,dotnumber,2,3,training,average,average,62,50,786,['c'],1,left,none,-99,-99,,,,,,,,23,18,Man,Rechts,
,dotnumber,3,3,training,average,average,50,36,819,['c'],1,left,none,-99,-99,,,,,,,,23,18,Man,Rechts,
,dotnumber,4,3,training,average,average,61,50,935,['n'],0,left,none,-99,-99,,,,,,,,23,18,Man,Rechts,
,dotnumber,5,3,training,average,average,61,50,668,['c'],1,left,none,-99,-99,,,,,,,,23,18,Man,Rechts,
,dotnumber,6,3,training,average,average,50,38,1085,['n'],0,left,none,-99,-99,,,,,,,,23,18,Man,Rechts,
,dotnumber,7,3,training,average,average,50,61,785,['c'],0,right,none,-99,-99,,,,,,,,23,18,Man,Rechts,
,dotnumber,8,3,training,average,average,50,63,886,['n'],1,right,none,-99,-99,,,,,,,,23,18,Man,Rechts,
,dotnumber,9,3,training,average,average,50,37,819,['c'],1,left,none,-99,-99,,,,,,,,23,18,Man,Rechts,
,dotnumber,10,3,training,average,average,39,50,801,['n'],1,right,none,-99,-99,,,,,,,,23,18,Man,Rechts,
,dotnumber,11,3,training,average,average,50,35,852,['c'],1,left,none,-99,-99,,,,,,,,23,18,Man,Rechts,
,dotnumber,12,3,training,average,average,39,50,1035,['c'],0,right,none,-99,-99,,,,,,,,23,18,Man,Rechts,
,dotnumber,13,3,training,average,average,50,39,702,['c'],1,left,none,-99,-99,,,,,,,,23,18,Man,Rechts,
,dotnumber,14,3,training,average,average,37,50,819,['c'],0,right,none,-99,-99,,,,,,,,23,18,Man,Rechts,
,dotnumber,15,3,training,average,average,50,61,785,['n'],1,right,none,-99,-99,,,,,,,,23,18,Man,Rechts,
,dotnumber,16,3,training,average,average,50,36,668,['c'],1,left,none,-99,-99,,,,,,,,23,18,Man,Rechts,
,dotnumber,17,3,training,average,average,50,63,668,['c'],0,right,none,-99,-99,,,,,,,,23,18,Man,Rechts,
,dotnumber,18,3,training,average,average,50,65,718,['c'],0,right,none,-99,-99,,,,,,,,23,18,Man,Rechts,
,dotnumber,19,3,training,average,average,36,50,820,['n'],1,right,none,-99,-99,,,,,,,,23,18,Man,Rechts,
,dotnumber,20,3,training,average,average,61,50,834,['c'],1,left,none,-99,-99,,,,,,,,23,18,Man,Rechts,
,dotnumber,21,3,training,average,average,50,64,668,['n'],1,right,none,-99,-99,,,,,,,,23,18,Man,Rechts,
,dotnumber,22,3,training,average,average,61,50,885,['n'],0,left,none,-99,-99,,,,,,,,23,18,Man,Rechts,
,dotnumber,23,3,training,average,average,37,50,785,['n'],1,right,none,-99,-99,,,,,,,,23,18,Man,Rechts,
,dotnumber,0,4,training,average,average,37,50,1237,['n'],1,right,none,-99,-99,,,,,,,,23,18,Man,Rechts,
,dotnumber,1,4,training,average,average,50,61,852,['n'],1,right,none,-99,-99,,,,,,,,23,18,Man,Rechts,
,dotnumber,2,4,training,average,average,64,50,1552,['n'],0,left,none,-99,-99,,,,,,,,23,18,Man,Rechts,
,dotnumber,3,4,training,average,average,37,50,1103,['n'],1,right,none,-99,-99,,,,,,,,23,18,Man,Rechts,
,dotnumber,4,4,training,average,average,50,37,1036,['c'],1,left,none,-99,-99,,,,,,,,23,18,Man,Rechts,
,dotnumber,5,4,training,average,average,36,50,752,['n'],1,right,none,-99,-99,,,,,,,,23,18,Man,Rechts,
,dotnumber,6,4,training,average,average,50,64,1085,['c'],0,right,none,-99,-99,,,,,,,,23,18,Man,Rechts,
,dotnumber,7,4,training,average,average,64,50,836,['n'],0,left,none,-99,-99,,,,,,,,23,18,Man,Rechts,
,dotnumber,8,4,training,average,average,50,61,935,['c'],0,right,none,-99,-99,,,,,,,,23,18,Man,Rechts,
,dotnumber,9,4,training,average,average,65,50,784,['c'],1,left,none,-99,-99,,,,,,,,23,18,Man,Rechts,
,dotnumber,10,4,training,average,average,39,50,818,['n'],1,right,none,-99,-99,,,,,,,,23,18,Man,Rechts,
,dotnumber,11,4,training,average,average,50,37,635,['c'],1,left,none,-99,-99,,,,,,,,23,18,Man,Rechts,
,dotnumber,12,4,training,average,average,50,39,1119,['c'],1,left,none,-99,-99,,,,,,,,23,18,Man,Rechts,
,dotnumber,13,4,training,average,average,50,62,768,['n'],1,right,none,-99,-99,,,,,,,,23,18,Man,Rechts,
,dotnumber,14,4,training,average,average,38,50,717,['n'],1,right,none,-99,-99,,,,,,,,23,18,Man,Rechts,
,dotnumber,15,4,training,average,average,39,50,1002,['n'],1,right,none,-99,-99,,,,,,,,23,18,Man,Rechts,
,dotnumber,16,4,training,average,average,64,50,802,['c'],1,left,none,-99,-99,,,,,,,,23,18,Man,Rechts,
,dotnumber,17,4,training,average,average,50,64,1069,['c'],0,right,none,-99,-99,,,,,,,,23,18,Man,Rechts,
,dotnumber,18,4,training,average,average,50,35,753,['c'],1,left,none,-99,-99,,,,,,,,23,18,Man,Rechts,
,dotnumber,19,4,training,average,average,65,50,635,['n'],0,left,none,-99,-99,,,,,,,,23,18,Man,Rechts,
,dotnumber,20,4,training,average,average,50,61,735,['n'],1,right,none,-99,-99,,,,,,,,23,18,Man,Rechts,
,dotnumber,21,4,training,average,average,62,50,836,['c'],1,left,none,-99,-99,,,,,,,,23,18,Man,Rechts,
,dotnumber,22,4,training,average,average,50,35,701,['n'],0,left,none,-99,-99,,,,,,,,23,18,Man,Rechts,
,dotnumber,23,4,training,average,average,50,37,635,['c'],1,left,none,-99,-99,,,,,,,,23,18,Man,Rechts,
,dotnumber,0,5,main,average,easy,50,26,1503,['c'],1,left,['9'],5,4256,,,,,,,,23,18,Man,Rechts,
,dotnumber,1,5,main,average,average,50,62,684,['n'],1,right,['9'],5,433,,,,,,,,23,18,Man,Rechts,
,dotnumber,2,5,main,average,easy,50,73,1035,['n'],1,right,['0'],6,401,,,,,,,,23,18,Man,Rechts,
,dotnumber,3,5,main,average,average,64,50,1102,['c'],1,left,['1'],1,367,,,,,,,,23,18,Man,Rechts,
,dotnumber,4,5,main,average,easy,25,50,634,['n'],1,right,['0'],6,2002,,,,,,,,23,18,Man,Rechts,
,dotnumber,5,5,main,average,easy,50,74,1302,['n'],1,right,['0'],6,439,,,,,,,,23,18,Man,Rechts,
,dotnumber,6,5,main,average,easy,50,71,1703,['n'],1,right,['8'],4,1563,,,,,,,,23,18,Man,Rechts,
,dotnumber,7,5,main,average,easy,71,50,885,['c'],1,left,['1'],1,451,,,,,,,,23,18,Man,Rechts,
,dotnumber,8,5,main,average,hard,50,45,1636,['c'],1,left,['9'],5,1257,,,,,,,,23,18,Man,Rechts,
,dotnumber,9,5,main,average,hard,55,50,1769,['n'],0,left,['3'],3,1050,,,,,,,,23,18,Man,Rechts,
,dotnumber,10,5,main,average,hard,50,46,918,['c'],1,left,['9'],5,821,,,,,,,,23,18,Man,Rechts,
,dotnumber,11,5,main,average,hard,50,55,1535,['n'],1,right,['8'],4,448,,,,,,,,23,18,Man,Rechts,
,dotnumber,12,5,main,average,average,61,50,836,['c'],1,left,['9'],5,552,,,,,,,,23,18,Man,Rechts,
,dotnumber,13,5,main,average,average,50,61,1135,['n'],1,right,['0'],6,366,,,,,,,,23,18,Man,Rechts,
,dotnumber,14,5,main,average,easy,75,50,853,['c'],1,left,['9'],5,456,,,,,,,,23,18,Man,Rechts,
,dotnumber,15,5,main,average,hard,55,50,885,['c'],1,left,['9'],5,494,,,,,,,,23,18,Man,Rechts,
,dotnumber,16,5,main,average,average,50,65,1186,['c'],0,right,['9'],5,469,,,,,,,,23,18,Man,Rechts,
,dotnumber,17,5,main,average,easy,29,50,986,['n'],1,right,['9'],5,373,,,,,,,,23,18,Man,Rechts,
,dotnumber,18,5,main,average,hard,50,48,1052,['n'],0,left,['9'],5,775,,,,,,,,23,18,Man,Rechts,
,dotnumber,19,5,main,average,hard,47,50,902,['c'],0,right,['0'],6,255,,,,,,,,23,18,Man,Rechts,
,dotnumber,20,5,main,average,easy,50,71,734,['n'],1,right,['9'],5,1026,,,,,,,,23,18,Man,Rechts,
,dotnumber,21,5,main,average,easy,73,50,1270,['c'],1,left,['9'],5,401,,,,,,,,23,18,Man,Rechts,
,dotnumber,22,5,main,average,average,50,38,1119,['c'],1,left,['9'],5,382,,,,,,,,23,18,Man,Rechts,
,dotnumber,23,5,main,average,hard,50,51,1019,['n'],1,right,['8'],4,1985,,,,,,,,23,18,Man,Rechts,
,dotnumber,24,5,main,average,average,50,38,1570,['c'],1,left,['8'],4,747,,,,,,,,23,18,Man,Rechts,
,dotnumber,25,5,main,average,average,50,63,1002,['n'],1,right,['9'],5,1056,,,,,,,,23,18,Man,Rechts,
,dotnumber,26,5,main,average,easy,73,50,952,['c'],1,left,['9'],5,921,,,,,,,,23,18,Man,Rechts,
,dotnumber,27,5,main,average,easy,50,74,1052,['n'],1,right,['0'],6,421,,,,,,,,23,18,Man,Rechts,
,dotnumber,28,5,main,average,hard,50,47,1152,['n'],0,left,['0'],6,1616,,,,,,,,23,18,Man,Rechts,
,dotnumber,29,5,main,average,easy,50,26,818,['c'],1,left,['9'],5,616,,,,,,,,23,18,Man,Rechts,
,dotnumber,30,5,main,average,easy,27,50,836,['n'],1,right,['0'],6,553,,,,,,,,23,18,Man,Rechts,
,dotnumber,31,5,main,average,average,63,50,1520,['c'],1,left,['9'],5,384,,,,,,,,23,18,Man,Rechts,
,dotnumber,32,5,main,average,average,50,38,1303,['c'],1,left,['9'],5,439,,,,,,,,23,18,Man,Rechts,
,dotnumber,33,5,main,average,average,36,50,785,['n'],1,right,['0'],6,625,,,,,,,,23,18,Man,Rechts,
,dotnumber,34,5,main,average,hard,51,50,1219,['n'],0,left,['9'],5,689,,,,,,,,23,18,Man,Rechts,
,dotnumber,35,5,main,average,hard,50,51,1535,['n'],1,right,['3'],3,642,,,,,,,,23,18,Man,Rechts,
,dotnumber,36,5,main,average,hard,45,50,1135,['n'],1,right,['8'],4,438,,,,,,,,23,18,Man,Rechts,
,dotnumber,37,5,main,average,easy,50,27,901,['c'],1,left,['0'],6,475,,,,,,,,23,18,Man,Rechts,
,dotnumber,38,5,main,average,average,50,38,902,['c'],1,left,['9'],5,335,,,,,,,,23,18,Man,Rechts,
,dotnumber,39,5,main,average,hard,50,55,968,['n'],1,right,['8'],4,613,,,,,,,,23,18,Man,Rechts,
,dotnumber,40,5,main,average,average,61,50,819,['c'],1,left,['0'],6,471,,,,,,,,23,18,Man,Rechts,
,dotnumber,41,5,main,average,average,61,50,1019,['n'],0,left,['9'],5,838,,,,,,,,23,18,Man,Rechts,
,dotnumber,42,5,main,average,easy,50,26,685,['c'],1,left,['9'],5,548,,,,,,,,23,18,Man,Rechts,
,dotnumber,43,5,main,average,easy,50,73,836,['n'],1,right,['0'],6,343,,,,,,,,23,18,Man,Rechts,
,dotnumber,44,5,main,average,average,38,50,2469,['n'],1,right,['8'],4,1105,,,,,,,,23,18,Man,Rechts,
,dotnumber,45,5,main,average,average,35,50,802,['n'],1,right,['0'],6,287,,,,,,,,23,18,Man,Rechts,
,dotnumber,46,5,main,average,easy,75,50,869,['c'],1,left,['9'],5,411,,,,,,,,23,18,Man,Rechts,
,dotnumber,47,5,main,average,hard,51,50,885,['c'],1,left,['8'],4,1058,,,,,,,,23,18,Man,Rechts,
,dotnumber,48,5,main,average,hard,46,50,1285,['n'],1,right,['8'],4,1007,,,,,,,,23,18,Man,Rechts,
,dotnumber,49,5,main,average,average,50,39,1886,['c'],1,left,['8'],4,836,,,,,,,,23,18,Man,Rechts,
,dotnumber,50,5,main,average,hard,49,50,1051,['c'],0,right,['8'],4,339,,,,,,,,23,18,Man,Rechts,
,dotnumber,51,5,main,average,hard,50,55,919,['n'],1,right,['0'],6,251,,,,,,,,23,18,Man,Rechts,
,dotnumber,52,5,main,average,easy,50,26,701,['c'],1,left,['9'],5,1680,,,,,,,,23,18,Man,Rechts,
,dotnumber,53,5,main,average,average,50,65,1786,['n'],1,right,['3'],3,287,,,,,,,,23,18,Man,Rechts,
,dotnumber,54,5,main,average,average,50,63,1303,['n'],1,right,['9'],5,426,,,,,,,,23,18,Man,Rechts,
,dotnumber,55,5,main,average,easy,26,50,1352,['n'],1,right,['0'],6,318,,,,,,,,23,18,Man,Rechts,
,dotnumber,56,5,main,average,hard,52,50,935,['c'],1,left,['9'],5,1174,,,,,,,,23,18,Man,Rechts,
,dotnumber,57,5,main,average,average,38,50,969,['n'],1,right,['9'],5,1066,,,,,,,,23,18,Man,Rechts,
,dotnumber,58,5,main,average,hard,49,50,2236,['n'],1,right,['2'],2,463,,,,,,,,23,18,Man,Rechts,
,dotnumber,59,5,main,average,easy,25,50,1052,['n'],1,right,['9'],5,477,,,,,,,,23,18,Man,Rechts,
,dotnumber,60,5,main,average,hard,50,45,1268,['c'],1,left,['3'],3,498,,,,,,,,23,18,Man,Rechts,
,dotnumber,61,5,main,average,easy,71,50,734,['c'],1,left,['8'],4,348,,,,,,,,23,18,Man,Rechts,
,dotnumber,62,5,main,average,easy,27,50,685,['n'],1,right,['0'],6,238,,,,,,,,23,18,Man,Rechts,
,dotnumber,63,5,main,average,average,36,50,852,['n'],1,right,['3'],3,285,,,,,,,,23,18,Man,Rechts,
,dotnumber,64,5,main,average,hard,50,54,1002,['c'],0,right,['9'],5,837,,,,,,,,23,18,Man,Rechts,
,dotnumber,65,5,main,average,hard,53,50,2536,['c'],1,left,['8'],4,358,,,,,,,,23,18,Man,Rechts,
,dotnumber,66,5,main,average,hard,50,48,1753,['n'],0,left,['9'],5,5596,,,,,,,,23,18,Man,Rechts,
,dotnumber,67,5,main,average,average,50,36,1019,['c'],1,left,['8'],4,393,,,,,,,,23,18,Man,Rechts,
,dotnumber,68,5,main,average,average,37,50,935,['n'],1,right,['9'],5,2015,,,,,,,,23,18,Man,Rechts,
,dotnumber,69,5,main,average,average,62,50,1169,['c'],1,left,['9'],5,825,,,,,,,,23,18,Man,Rechts,
,dotnumber,70,5,main,average,hard,48,50,1837,['n'],1,right,['3'],3,2840,,,,,,,,23,18,Man,Rechts,
,dotnumber,71,5,main,average,easy,50,29,1068,['c'],1,left,['8'],4,565,,,,,,,,23,18,Man,Rechts,
,dotnumber,0,6,main,average,hard,50,54,1052,['n'],1,right,['9'],5,291,,,,,,,,23,18,Man,Rechts,
,dotnumber,1,6,main,average,average,38,50,1319,['n'],1,right,['8'],4,541,,,,,,,,23,18,Man,Rechts,
,dotnumber,2,6,main,average,average,50,39,1169,['c'],1,left,['8'],4,867,,,,,,,,23,18,Man,Rechts,
,dotnumber,3,6,main,average,average,50,39,1770,['c'],1,left,['8'],4,1763,,,,,,,,23,18,Man,Rechts,
,dotnumber,4,6,main,average,easy,28,50,935,['n'],1,right,['9'],5,433,,,,,,,,23,18,Man,Rechts,
,dotnumber,5,6,main,average,easy,72,50,2953,['c'],1,left,['2'],2,1442,,,,,,,,23,18,Man,Rechts,
,dotnumber,6,6,main,average,hard,50,45,1720,['c'],1,left,['9'],5,733,,,,,,,,23,18,Man,Rechts,
,dotnumber,7,6,main,average,average,61,50,1368,['n'],0,left,['9'],5,659,,,,,,,,23,18,Man,Rechts,
,dotnumber,8,6,main,average,easy,50,71,818,['n'],1,right,['9'],5,1522,,,,,,,,23,18,Man,Rechts,
,dotnumber,9,6,main,average,average,61,50,3622,['c'],1,left,['8'],4,1132,,,,,,,,23,18,Man,Rechts,
,dotnumber,10,6,main,average,easy,72,50,1086,['c'],1,left,['0'],6,589,,,,,,,,23,18,Man,Rechts,
,dotnumber,11,6,main,average,easy,50,74,734,['n'],1,right,['0'],6,259,,,,,,,,23,18,Man,Rechts,
,dotnumber,12,6,main,average,average,50,61,2254,['c'],0,right,['8'],4,265,,,,,,,,23,18,Man,Rechts,
,dotnumber,13,6,main,average,average,36,50,1003,['n'],1,right,['0'],6,497,,,,,,,,23,18,Man,Rechts,
,dotnumber,14,6,main,average,hard,50,46,1570,['n'],0,left,['9'],5,24,,,,,,,,23,18,Man,Rechts,
,dotnumber,15,6,main,average,easy,50,29,635,['c'],1,left,['9'],5,1146,,,,,,,,23,18,Man,Rechts,
,dotnumber,16,6,main,average,hard,46,50,1153,['c'],0,right,['8'],4,312,,,,,,,,23,18,Man,Rechts,
,dotnumber,17,6,main,average,average,35,50,818,['n'],1,right,['0'],6,342,,,,,,,,23,18,Man,Rechts,
,dotnumber,18,6,main,average,hard,55,50,1402,['c'],1,left,['0'],6,1355,,,,,,,,23,18,Man,Rechts,
,dotnumber,19,6,main,average,hard,50,49,1286,['n'],0,left,['3'],3,395,,,,,,,,23,18,Man,Rechts,
,dotnumber,20,6,main,average,hard,50,53,1419,['c'],0,right,['9'],5,348,,,,,,,,23,18,Man,Rechts,
,dotnumber,21,6,main,average,easy,26,50,1051,['n'],1,right,['9'],5,351,,,,,,,,23,18,Man,Rechts,
,dotnumber,22,6,main,average,average,63,50,869,['c'],1,left,['9'],5,1385,,,,,,,,23,18,Man,Rechts,
,dotnumber,23,6,main,average,hard,50,53,1270,['c'],0,right,['9'],5,488,,,,,,,,23,18,Man,Rechts,
,dotnumber,24,6,main,average,average,50,65,953,['n'],1,right,['9'],5,553,,,,,,,,23,18,Man,Rechts,
,dotnumber,25,6,main,average,easy,71,50,1486,['n'],0,left,['9'],5,562,,,,,,,,23,18,Man,Rechts,
,dotnumber,26,6,main,average,easy,50,25,685,['c'],1,left,['0'],6,475,,,,,,,,23,18,Man,Rechts,
,dotnumber,27,6,main,average,average,38,50,585,['n'],1,right,['3'],3,284,,,,,,,,23,18,Man,Rechts,
,dotnumber,28,6,main,average,easy,25,50,869,['n'],1,right,['0'],6,280,,,,,,,,23,18,Man,Rechts,
,dotnumber,29,6,main,average,hard,50,51,1086,['c'],0,right,['2'],2,349,,,,,,,,23,18,Man,Rechts,
,dotnumber,30,6,main,average,easy,75,50,1236,['c'],1,left,['9'],5,696,,,,,,,,23,18,Man,Rechts,
,dotnumber,31,6,main,average,easy,50,28,2153,['c'],1,left,['8'],4,304,,,,,,,,23,18,Man,Rechts,
,dotnumber,32,6,main,average,hard,47,50,1101,['n'],1,right,['9'],5,306,,,,,,,,23,18,Man,Rechts,
,dotnumber,33,6,main,average,hard,52,50,902,['c'],1,left,['9'],5,381,,,,,,,,23,18,Man,Rechts,
,dotnumber,34,6,main,average,hard,46,50,769,['c'],0,right,['9'],5,682,,,,,,,,23,18,Man,Rechts,
,dotnumber,35,6,main,average,easy,50,75,919,['n'],1,right,['9'],5,644,,,,,,,,23,18,Man,Rechts,
,dotnumber,36,6,main,average,average,50,63,952,['n'],1,right,['0'],6,591,,,,,,,,23,18,Man,Rechts,
,dotnumber,37,6,main,average,easy,73,50,1018,['c'],1,left,['9'],5,682,,,,,,,,23,18,Man,Rechts,
,dotnumber,38,6,main,average,hard,52,50,785,['n'],0,left,['9'],5,1386,,,,,,,,23,18,Man,Rechts,
,dotnumber,39,6,main,average,hard,47,50,1136,['n'],1,right,['8'],4,623,,,,,,,,23,18,Man,Rechts,
,dotnumber,40,6,main,average,average,50,37,1569,['c'],1,left,['3'],3,1425,,,,,,,,23,18,Man,Rechts,
,dotnumber,41,6,main,average,average,50,36,1218,['c'],1,left,['8'],4,321,,,,,,,,23,18,Man,Rechts,
,dotnumber,42,6,main,average,easy,27,50,1085,['n'],1,right,['9'],5,435,,,,,,,,23,18,Man,Rechts,
,dotnumber,43,6,main,average,hard,50,52,2587,['n'],1,right,['9'],5,387,,,,,,,,23,18,Man,Rechts,
,dotnumber,44,6,main,average,hard,50,48,1436,['c'],1,left,['9'],5,485,,,,,,,,23,18,Man,Rechts,
,dotnumber,45,6,main,average,hard,47,50,701,['n'],1,right,['0'],6,272,,,,,,,,23,18,Man,Rechts,
,dotnumber,46,6,main,average,hard,55,50,802,['c'],1,left,['0'],6,352,,,,,,,,23,18,Man,Rechts,
,dotnumber,47,6,main,average,average,63,50,1203,['c'],1,left,['9'],5,140,,,,,,,,23,18,Man,Rechts,
,dotnumber,48,6,main,average,hard,54,50,1653,['n'],0,left,['8'],4,511,,,,,,,,23,18,Man,Rechts,
,dotnumber,49,6,main,average,easy,50,75,702,['n'],1,right,['0'],6,442,,,,,,,,23,18,Man,Rechts,
,dotnumber,50,6,main,average,average,37,50,1252,['c'],0,right,['8'],4,529,,,,,,,,23,18,Man,Rechts,
,dotnumber,51,6,main,average,average,35,50,1185,['n'],1,right,['2'],2,327,,,,,,,,23,18,Man,Rechts,
,dotnumber,52,6,main,average,average,50,62,936,['n'],1,right,['3'],3,447,,,,,,,,23,18,Man,Rechts,
,dotnumber,53,6,main,average,easy,26,50,1103,['n'],1,right,['8'],4,188,,,,,,,,23,18,Man,Rechts,
,dotnumber,54,6,main,average,hard,50,52,819,['c'],0,right,['8'],4,559,,,,,,,,23,18,Man,Rechts,
,dotnumber,55,6,main,average,hard,55,50,652,['n'],0,left,['9'],5,586,,,,,,,,23,18,Man,Rechts,
,dotnumber,56,6,main,average,hard,49,50,835,['n'],1,right,['9'],5,507,,,,,,,,23,18,Man,Rechts,
,dotnumber,57,6,main,average,average,50,38,1002,['c'],1,left,['2'],2,762,,,,,,,,23,18,Man,Rechts,
,dotnumber,58,6,main,average,average,50,63,1419,['c'],0,right,['8'],4,381,,,,,,,,23,18,Man,Rechts,
,dotnumber,59,6,main,average,hard,50,47,1419,['c'],1,left,['3'],3,319,,,,,,,,23,18,Man,Rechts,
,dotnumber,60,6,main,average,average,61,50,1219,['n'],0,left,['9'],5,1357,,,,,,,,23,18,Man,Rechts,
,dotnumber,61,6,main,average,hard,50,48,2137,['n'],0,left,['8'],4,298,,,,,,,,23,18,Man,Rechts,
,dotnumber,62,6,main,average,easy,26,50,1802,['n'],1,right,['9'],5,336,,,,,,,,23,18,Man,Rechts,
,dotnumber,63,6,main,average,easy,50,28,668,['c'],1,left,['0'],6,419,,,,,,,,23,18,Man,Rechts,
,dotnumber,64,6,main,average,easy,75,50,819,['c'],1,left,['0'],6,268,,,,,,,,23,18,Man,Rechts,
,dotnumber,65,6,main,average,easy,50,28,1035,['n'],0,left,['1'],1,403,,,,,,,,23,18,Man,Rechts,
,dotnumber,66,6,main,average,average,65,50,1185,['c'],1,left,['9'],5,574,,,,,,,,23,18,Man,Rechts,
,dotnumber,67,6,main,average,easy,50,72,635,['n'],1,right,['0'],6,280,,,,,,,,23,18,Man,Rechts,
,dotnumber,68,6,main,average,average,50,63,1069,['n'],1,right,['0'],6,253,,,,,,,,23,18,Man,Rechts,
,dotnumber,69,6,main,average,easy,50,28,1252,['c'],1,left,['0'],6,604,,,,,,,,23,18,Man,Rechts,
,dotnumber,70,6,main,average,average,50,36,1236,['c'],1,left,['9'],5,876,,,,,,,,23,18,Man,Rechts,
,dotnumber,71,6,main,average,easy,50,71,1085,['c'],0,right,['8'],4,568,,,,,,,,23,18,Man,Rechts,
,dotnumber,0,7,main,average,easy,72,50,768,['c'],1,left,['9'],5,316,,,,,,,,23,18,Man,Rechts,
,dotnumber,1,7,main,average,hard,55,50,802,['n'],0,left,['0'],6,314,,,,,,,,23,18,Man,Rechts,
,dotnumber,2,7,main,average,easy,25,50,584,['n'],1,right,['0'],6,338,,,,,,,,23,18,Man,Rechts,
,dotnumber,3,7,main,average,hard,50,45,569,['n'],0,left,['0'],6,297,,,,,,,,23,18,Man,Rechts,
,dotnumber,4,7,main,average,easy,50,28,636,['c'],1,left,['0'],6,1359,,,,,,,,23,18,Man,Rechts,
,dotnumber,5,7,main,average,easy,72,50,986,['c'],1,left,['8'],4,348,,,,,,,,23,18,Man,Rechts,
,dotnumber,6,7,main,average,average,50,63,1002,['c'],0,right,['9'],5,177,,,,,,,,23,18,Man,Rechts,
,dotnumber,7,7,main,average,hard,48,50,1970,['c'],0,right,['3'],3,277,,,,,,,,23,18,Man,Rechts,
,dotnumber,8,7,main,average,average,50,35,884,['c'],1,left,['9'],5,834,,,,,,,,23,18,Man,Rechts,
,dotnumber,9,7,main,average,hard,48,50,1051,['c'],0,right,['8'],4,224,,,,,,,,23,18,Man,Rechts,
,dotnumber,10,7,main,average,average,61,50,1352,['c'],1,left,['8'],4,604,,,,,,,,23,18,Man,Rechts,
,dotnumber,11,7,main,average,easy,50,28,735,['c'],1,left,['0'],6,209,,,,,,,,23,18,Man,Rechts,
,dotnumber,12,7,main,average,average,62,50,885,['c'],1,left,['9'],5,1729,,,,,,,,23,18,Man,Rechts,
,dotnumber,13,7,main,average,average,62,50,819,['c'],1,left,['0'],6,709,,,,,,,,23,18,Man,Rechts,
,dotnumber,14,7,main,average,average,36,50,785,['n'],1,right,['0'],6,388,,,,,,,,23,18,Man,Rechts,
,dotnumber,15,7,main,average,hard,52,50,1853,['c'],1,left,['0'],6,452,,,,,,,,23,18,Man,Rechts,
,dotnumber,16,7,main,average,easy,50,73,1486,['n'],1,right,['9'],5,1888,,,,,,,,23,18,Man,Rechts,
,dotnumber,17,7,main,average,hard,50,55,735,['c'],0,right,['9'],5,1217,,,,,,,,23,18,Man,Rechts,
,dotnumber,18,7,main,average,hard,50,45,969,['n'],0,left,['8'],4,307,,,,,,,,23,18,Man,Rechts,
,dotnumber,19,7,main,average,average,65,50,785,['c'],1,left,['9'],5,275,,,,,,,,23,18,Man,Rechts,
,dotnumber,20,7,main,average,easy,75,50,1019,['c'],1,left,['9'],5,490,,,,,,,,23,18,Man,Rechts,
,dotnumber,21,7,main,average,average,50,61,586,['n'],1,right,['0'],6,538,,,,,,,,23,18,Man,Rechts,
,dotnumber,22,7,main,average,average,50,62,1169,['n'],1,right,['9'],5,688,,,,,,,,23,18,Man,Rechts,
,dotnumber,23,7,main,average,average,50,63,902,['n'],1,right,['9'],5,1483,,,,,,,,23,18,Man,Rechts,
,dotnumber,24,7,main,average,hard,50,46,968,['c'],1,left,['9'],5,339,,,,,,,,23,18,Man,Rechts,
,dotnumber,25,7,main,average,average,50,64,717,['n'],1,right,['0'],6,419,,,,,,,,23,18,Man,Rechts,
,dotnumber,26,7,main,average,hard,45,50,1819,['c'],0,right,['8'],4,356,,,,,,,,23,18,Man,Rechts,
,dotnumber,27,7,main,average,average,50,36,1436,['c'],1,left,['9'],5,486,,,,,,,,23,18,Man,Rechts,
,dotnumber,28,7,main,average,average,38,50,1486,['n'],1,right,['9'],5,434,,,,,,,,23,18,Man,Rechts,
,dotnumber,29,7,main,average,hard,50,49,868,['n'],0,left,['9'],5,216,,,,,,,,23,18,Man,Rechts,
,dotnumber,30,7,main,average,easy,50,75,1001,['n'],1,right,['0'],6,274,,,,,,,,23,18,Man,Rechts,
,dotnumber,31,7,main,average,hard,46,50,1602,['n'],1,right,['8'],4,241,,,,,,,,23,18,Man,Rechts,
,dotnumber,32,7,main,average,average,50,35,718,['c'],1,left,['9'],5,1079,,,,,,,,23,18,Man,Rechts,
,dotnumber,33,7,main,average,average,35,50,1019,['n'],1,right,['9'],5,1309,,,,,,,,23,18,Man,Rechts,
,dotnumber,34,7,main,average,hard,50,55,768,['c'],0,right,['9'],5,756,,,,,,,,23,18,Man,Rechts,
,dotnumber,35,7,main,average,hard,50,53,1453,['c'],0,right,['9'],5,453,,,,,,,,23,18,Man,Rechts,
,dotnumber,36,7,main,average,hard,45,50,1519,['n'],1,right,['3'],3,865,,,,,,,,23,18,Man,Rechts,
,dotnumber,37,7,main,average,easy,50,74,1536,['n'],1,right,['0'],6,379,,,,,,,,23,18,Man,Rechts,
,dotnumber,38,7,main,average,hard,50,53,1352,['c'],0,right,['9'],5,336,,,,,,,,23,18,Man,Rechts,
,dotnumber,39,7,main,average,easy,50,71,1370,['c'],0,right,['8'],4,246,,,,,,,,23,18,Man,Rechts,
,dotnumber,40,7,main,average,average,50,37,1270,['c'],1,left,['9'],5,645,,,,,,,,23,18,Man,Rechts,
,dotnumber,41,7,main,average,easy,28,50,1019,['n'],1,right,['9'],5,1421,,,,,,,,23,18,Man,Rechts,
,dotnumber,42,7,main,average,easy,27,50,869,['n'],1,right,['0'],6,123,,,,,,,,23,18,Man,Rechts,
,dotnumber,43,7,main,average,average,65,50,2154,['c'],1,left,['3'],3,1050,,,,,,,,23,18,Man,Rechts,
,dotnumber,44,7,main,average,easy,50,71,785,['n'],1,right,['9'],5,347,,,,,,,,23,18,Man,Rechts,
,dotnumber,45,7,main,average,hard,50,53,1504,['c'],0,right,['8'],4,459,,,,,,,,23,18,Man,Rechts,
,dotnumber,46,7,main,average,easy,26,50,1903,['n'],1,right,['9'],5,407,,,,,,,,23,18,Man,Rechts,
,dotnumber,47,7,main,average,average,35,50,1020,['n'],1,right,['9'],5,393,,,,,,,,23,18,Man,Rechts,
,dotnumber,48,7,main,average,average,50,37,1302,['c'],1,left,['9'],5,272,,,,,,,,23,18,Man,Rechts,
,dotnumber,49,7,main,average,average,37,50,1202,['c'],0,right,['9'],5,399,,,,,,,,23,18,Man,Rechts,
,dotnumber,50,7,main,average,easy,50,28,1203,['c'],1,left,['9'],5,282,,,,,,,,23,18,Man,Rechts,
,dotnumber,51,7,main,average,hard,50,47,719,['n'],0,left,['9'],5,556,,,,,,,,23,18,Man,Rechts,
,dotnumber,52,7,main,average,hard,51,50,1168,['c'],1,left,['9'],5,386,,,,,,,,23,18,Man,Rechts,
,dotnumber,53,7,main,average,easy,72,50,1019,['c'],1,left,['0'],6,548,,,,,,,,23,18,Man,Rechts,
,dotnumber,54,7,main,average,easy,50,25,836,['c'],1,left,['0'],6,263,,,,,,,,23,18,Man,Rechts,
,dotnumber,55,7,main,average,hard,50,52,1920,['n'],1,right,['9'],5,315,,,,,,,,23,18,Man,Rechts,
,dotnumber,56,7,main,average,easy,50,26,669,['c'],1,left,['0'],6,63,,,,,,,,23,18,Man,Rechts,
,dotnumber,57,7,main,average,easy,71,50,1453,['n'],0,left,['8'],4,285,,,,,,,,23,18,Man,Rechts,
,dotnumber,58,7,main,average,average,50,63,668,['c'],0,right,['9'],5,1186,,,,,,,,23,18,Man,Rechts,
,dotnumber,59,7,main,average,easy,71,50,602,['c'],1,left,['0'],6,245,,,,,,,,23,18,Man,Rechts,
,dotnumber,60,7,main,average,easy,27,50,1319,['n'],1,right,['9'],5,209,,,,,,,,23,18,Man,Rechts,
,dotnumber,61,7,main,average,average,50,38,802,['c'],1,left,['9'],5,388,,,,,,,,23,18,Man,Rechts,
,dotnumber,62,7,main,average,hard,52,50,1870,['n'],0,left,['9'],5,35,,,,,,,,23,18,Man,Rechts,
,dotnumber,63,7,main,average,easy,50,26,635,['c'],1,left,['9'],5,260,,,,,,,,23,18,Man,Rechts,
,dotnumber,64,7,main,average,hard,47,50,1302,['n'],1,right,['8'],4,352,,,,,,,,23,18,Man,Rechts,
,dotnumber,65,7,main,average,hard,51,50,1153,['c'],1,left,['8'],4,1438,,,,,,,,23,18,Man,Rechts,
,dotnumber,66,7,main,average,easy,27,50,1052,['n'],1,right,['9'],5,836,,,,,,,,23,18,Man,Rechts,
,dotnumber,67,7,main,average,average,65,50,1269,['c'],1,left,['9'],5,426,,,,,,,,23,18,Man,Rechts,
,dotnumber,68,7,main,average,hard,50,48,785,['n'],0,left,['0'],6,437,,,,,,,,23,18,Man,Rechts,
,dotnumber,69,7,main,average,hard,52,50,735,['c'],1,left,['9'],5,433,,,,,,,,23,18,Man,Rechts,
,dotnumber,70,7,main,average,average,38,50,786,['c'],0,right,['9'],5,875,,,,,,,,23,18,Man,Rechts,
,dotnumber,71,7,main,average,easy,50,74,1002,['n'],1,right,['0'],6,362,,,,,,,,23,18,Man,Rechts,
,xotask,0,0,training,hard,hard,,,1653,['n'],0,left,none,-99,-99,44,,,,,,,23,18,Man,Rechts,
,xotask,1,0,training,hard,hard,,,986,['n'],1,right,none,-99,-99,37,,,,,,,23,18,Man,Rechts,
,xotask,2,0,training,hard,hard,,,1019,['c'],1,left,none,-99,-99,44,,,,,,,23,18,Man,Rechts,
,xotask,3,0,training,hard,hard,,,1269,['c'],0,right,none,-99,-99,37,,,,,,,23,18,Man,Rechts,
,xotask,4,0,training,hard,hard,,,1218,['n'],1,right,none,-99,-99,33,,,,,,,23,18,Man,Rechts,
,xotask,5,0,training,hard,hard,,,1669,['c'],1,left,none,-99,-99,46,,,,,,,23,18,Man,Rechts,
,xotask,6,0,training,hard,hard,,,785,['n'],0,left,none,-99,-99,42,,,,,,,23,18,Man,Rechts,
,xotask,7,0,training,hard,hard,,,768,['c'],1,left,none,-99,-99,42,,,,,,,23,18,Man,Rechts,
,xotask,8,0,training,hard,hard,,,2003,['n'],1,right,none,-99,-99,36,,,,,,,23,18,Man,Rechts,
,xotask,9,0,training,hard,hard,,,1669,['n'],0,left,none,-99,-99,44,,,,,,,23,18,Man,Rechts,
,xotask,10,0,training,hard,hard,,,535,['c'],0,right,none,-99,-99,37,,,,,,,23,18,Man,Rechts,
,xotask,11,0,training,hard,hard,,,719,['n'],1,right,none,-99,-99,35,,,,,,,23,18,Man,Rechts,
,xotask,12,0,training,hard,hard,,,1118,['c'],1,left,none,-99,-99,45,,,,,,,23,18,Man,Rechts,
,xotask,13,0,training,hard,hard,,,818,['n'],1,right,none,-99,-99,36,,,,,,,23,18,Man,Rechts,
,xotask,14,0,training,hard,hard,,,1002,['n'],0,left,none,-99,-99,46,,,,,,,23,18,Man,Rechts,
,xotask,15,0,training,hard,hard,,,852,['n'],0,left,none,-99,-99,45,,,,,,,23,18,Man,Rechts,
,xotask,16,0,training,hard,hard,,,1285,['n'],1,right,none,-99,-99,35,,,,,,,23,18,Man,Rechts,
,xotask,17,0,training,hard,hard,,,1486,['c'],1,left,none,-99,-99,42,,,,,,,23,18,Man,Rechts,
,xotask,18,0,training,hard,hard,,,819,['n'],1,right,none,-99,-99,33,,,,,,,23,18,Man,Rechts,
,xotask,19,0,training,hard,hard,,,985,['c'],1,left,none,-99,-99,43,,,,,,,23,18,Man,Rechts,
,xotask,20,0,training,hard,hard,,,952,['c'],0,right,none,-99,-99,36,,,,,,,23,18,Man,Rechts,
,xotask,21,0,training,hard,hard,,,585,['n'],1,right,none,-99,-99,33,,,,,,,23,18,Man,Rechts,
,xotask,22,0,training,hard,hard,,,785,['n'],0,left,none,-99,-99,42,,,,,,,23,18,Man,Rechts,
,xotask,23,0,training,hard,hard,,,885,['n'],1,right,none,-99,-99,33,,,,,,,23,18,Man,Rechts,
,xotask,0,1,training,hard,hard,,,1170,['n'],0,left,none,-99,-99,44,,,,,,,23,18,Man,Rechts,
,xotask,1,1,training,hard,hard,,,1168,['n'],0,left,none,-99,-99,45,,,,,,,23,18,Man,Rechts,
,xotask,2,1,training,hard,hard,,,769,['c'],0,right,none,-99,-99,36,,,,,,,23,18,Man,Rechts,
,xotask,3,1,training,hard,hard,,,768,['c'],1,left,none,-99,-99,42,,,,,,,23,18,Man,Rechts,
,xotask,4,1,training,hard,hard,,,1036,['n'],0,left,none,-99,-99,46,,,,,,,23,18,Man,Rechts,
,xotask,5,1,training,hard,hard,,,1136,['c'],1,left,none,-99,-99,44,,,,,,,23,18,Man,Rechts,
,xotask,6,1,training,hard,hard,,,703,['n'],1,right,none,-99,-99,33,,,,,,,23,18,Man,Rechts,
,xotask,7,1,training,hard,hard,,,668,['n'],1,right,none,-99,-99,36,,,,,,,23,18,Man,Rechts,
,xotask,8,1,training,hard,hard,,,902,['n'],0,left,none,-99,-99,42,,,,,,,23,18,Man,Rechts,
,xotask,9,1,training,hard,hard,,,769,['c'],0,right,none,-99,-99,33,,,,,,,23,18,Man,Rechts,
,xotask,10,1,training,hard,hard,,,1003,['c'],1,left,none,-99,-99,43,,,,,,,23,18,Man,Rechts,
,xotask,11,1,training,hard,hard,,,852,['c'],1,left,none,-99,-99,44,,,,,,,23,18,Man,Rechts,
,xotask,12,1,training,hard,hard,,,801,['c'],0,right,none,-99,-99,33,,,,,,,23,18,Man,Rechts,
,xotask,13,1,training,hard,hard,,,1220,['n'],1,right,none,-99,-99,34,,,,,,,23,18,Man,Rechts,
,xotask,14,1,training,hard,hard,,,769,['n'],1,right,none,-99,-99,36,,,,,,,23,18,Man,Rechts,
,xotask,15,1,training,hard,hard,,,1003,['n'],1,right,none,-99,-99,35,,,,,,,23,18,Man,Rechts,
,xotask,16,1,training,hard,hard,,,1019,['c'],0,right,none,-99,-99,34,,,,,,,23,18,Man,Rechts,
,xotask,17,1,training,hard,hard,,,1319,['n'],0,left,none,-99,-99,45,,,,,,,23,18,Man,Rechts,
,xotask,18,1,training,hard,hard,,,885,['n'],1,right,none,-99,-99,34,,,,,,,23,18,Man,Rechts,
,xotask,19,1,training,hard,hard,,,852,['c'],1,left,none,-99,-99,42,,,,,,,23,18,Man,Rechts,
,xotask,20,1,training,hard,hard,,,1718,['c'],1,left,none,-99,-99,43,,,,,,,23,18,Man,Rechts,
,xotask,21,1,training,hard,hard,,,684,['n'],1,right,none,-99,-99,37,,,,,,,23,18,Man,Rechts,
,xotask,22,1,training,hard,hard,,,902,['n'],0,left,none,-99,-99,42,,,,,,,23,18,Man,Rechts,
,xotask,23,1,training,hard,hard,,,986,['c'],0,right,none,-99,-99,33,,,,,,,23,18,Man,Rechts,
,xotask,0,2,training,hard,hard,,,1119,['c'],0,right,none,-99,-99,33,,,,,,,23,18,Man,Rechts,
,xotask,1,2,training,hard,hard,,,1536,['n'],0,left,none,-99,-99,46,,,,,,,23,18,Man,Rechts,
,xotask,2,2,training,hard,hard,,,852,['c'],0,right,none,-99,-99,35,,,,,,,23,18,Man,Rechts,
,xotask,3,2,training,hard,hard,,,1202,['n'],0,left,none,-99,-99,42,,,,,,,23,18,Man,Rechts,
,xotask,4,2,training,hard,hard,,,1169,['n'],1,right,none,-99,-99,34,,,,,,,23,18,Man,Rechts,
,xotask,5,2,training,hard,hard,,,701,['c'],1,left,none,-99,-99,45,,,,,,,23,18,Man,Rechts,
,xotask,6,2,training,hard,hard,,,851,['c'],1,left,none,-99,-99,46,,,,,,,23,18,Man,Rechts,
,xotask,7,2,training,hard,hard,,,769,['n'],0,left,none,-99,-99,42,,,,,,,23,18,Man,Rechts,
,xotask,8,2,training,hard,hard,,,668,['n'],1,right,none,-99,-99,35,,,,,,,23,18,Man,Rechts,
,xotask,9,2,training,hard,hard,,,601,['n'],0,left,none,-99,-99,46,,,,,,,23,18,Man,Rechts,
,xotask,10,2,training,hard,hard,,,669,['c'],1,left,none,-99,-99,45,,,,,,,23,18,Man,Rechts,
,xotask,11,2,training,hard,hard,,,819,['n'],1,right,none,-99,-99,33,,,,,,,23,18,Man,Rechts,
,xotask,12,2,training,hard,hard,,,1569,['n'],1,right,none,-99,-99,36,,,,,,,23,18,Man,Rechts,
,xotask,13,2,training,hard,hard,,,969,['c'],0,right,none,-99,-99,37,,,,,,,23,18,Man,Rechts,
,xotask,14,2,training,hard,hard,,,1336,['n'],0,left,none,-99,-99,43,,,,,,,23,18,Man,Rechts,
,xotask,15,2,training,hard,hard,,,869,['c'],1,left,none,-99,-99,43,,,,,,,23,18,Man,Rechts,
,xotask,16,2,training,hard,hard,,,818,['n'],0,left,none,-99,-99,45,,,,,,,23,18,Man,Rechts,
,xotask,17,2,training,hard,hard,,,835,['n'],1,right,none,-99,-99,36,,,,,,,23,18,Man,Rechts,
,xotask,18,2,training,hard,hard,,,1185,['c'],1,left,none,-99,-99,45,,,,,,,23,18,Man,Rechts,
,xotask,19,2,training,hard,hard,,,1236,['n'],1,right,none,-99,-99,33,,,,,,,23,18,Man,Rechts,
,xotask,20,2,training,hard,hard,,,818,['n'],1,right,none,-99,-99,34,,,,,,,23,18,Man,Rechts,
,xotask,21,2,training,hard,hard,,,735,['n'],1,right,none,-99,-99,34,,,,,,,23,18,Man,Rechts,
,xotask,22,2,training,hard,hard,,,970,['c'],0,right,none,-99,-99,33,,,,,,,23,18,Man,Rechts,
,xotask,23,2,training,hard,hard,,,819,['n'],0,left,none,-99,-99,46,,,,,,,23,18,Man,Rechts,
,xotask,0,3,training,hard,hard,,,1237,['n'],1,right,none,-99,-99,35,,,,,,,23,18,Man,Rechts,
,xotask,1,3,training,hard,hard,,,852,['c'],0,right,none,-99,-99,35,,,,,,,23,18,Man,Rechts,
,xotask,2,3,training,hard,hard,,,885,['c'],0,right,none,-99,-99,37,,,,,,,23,18,Man,Rechts,
,xotask,3,3,training,hard,hard,,,551,['n'],1,right,none,-99,-99,36,,,,,,,23,18,Man,Rechts,
,xotask,4,3,training,hard,hard,,,935,['n'],0,left,none,-99,-99,43,,,,,,,23,18,Man,Rechts,
,xotask,5,3,training,hard,hard,,,686,['c'],0,right,none,-99,-99,36,,,,,,,23,18,Man,Rechts,
,xotask,6,3,training,hard,hard,,,1386,['c'],0,right,none,-99,-99,36,,,,,,,23,18,Man,Rechts,
,xotask,7,3,training,hard,hard,,,1086,['c'],1,left,none,-99,-99,45,,,,,,,23,18,Man,Rechts,
,xotask,8,3,training,hard,hard,,,568,['n'],1,right,none,-99,-99,34,,,,,,,23,18,Man,Rechts,
,xotask,9,3,training,hard,hard,,,735,['n'],0,left,none,-99,-99,46,,,,,,,23,18,Man,Rechts,
,xotask,10,3,training,hard,hard,,,1169,['n'],0,left,none,-99,-99,43,,,,,,,23,18,Man,Rechts,
,xotask,11,3,training,hard,hard,,,1253,['n'],0,left,none,-99,-99,45,,,,,,,23,18,Man,Rechts,
,xotask,12,3,training,hard,hard,,,903,['c'],1,left,none,-99,-99,44,,,,,,,23,18,Man,Rechts,
,xotask,13,3,training,hard,hard,,,652,['n'],0,left,none,-99,-99,42,,,,,,,23,18,Man,Rechts,
,xotask,14,3,training,hard,hard,,,569,['c'],1,left,none,-99,-99,45,,,,,,,23,18,Man,Rechts,
,xotask,15,3,training,hard,hard,,,1153,['c'],0,right,none,-99,-99,37,,,,,,,23,18,Man,Rechts,
,xotask,16,3,training,hard,hard,,,1536,['n'],0,left,none,-99,-99,46,,,,,,,23,18,Man,Rechts,
,xotask,17,3,training,hard,hard,,,1436,['n'],1,right,none,-99,-99,33,,,,,,,23,18,Man,Rechts,
,xotask,18,3,training,hard,hard,,,2004,['c'],1,left,none,-99,-99,43,,,,,,,23,18,Man,Rechts,
,xotask,19,3,training,hard,hard,,,1152,['n'],1,right,none,-99,-99,35,,,,,,,23,18,Man,Rechts,
,xotask,20,3,training,hard,hard,,,836,['c'],0,right,none,-99,-99,36,,,,,,,23,18,Man,Rechts,
,xotask,21,3,training,hard,hard,,,986,['n'],0,left,none,-99,-99,42,,,,,,,23,18,Man,Rechts,
,xotask,22,3,training,hard,hard,,,970,['c'],0,right,none,-99,-99,36,,,,,,,23,18,Man,Rechts,
,xotask,23,3,training,hard,hard,,,1002,['n'],0,left,none,-99,-99,42,,,,,,,23,18,Man,Rechts,
,xotask,0,4,training,hard,hard,,,1119,['c'],0,right,none,-99,-99,33,,,,,,,23,18,Man,Rechts,
,xotask,1,4,training,hard,hard,,,885,['n'],1,right,none,-99,-99,37,,,,,,,23,18,Man,Rechts,
,xotask,2,4,training,hard,hard,,,1203,['n'],1,right,none,-99,-99,36,,,,,,,23,18,Man,Rechts,
,xotask,3,4,training,hard,hard,,,919,['n'],1,right,none,-99,-99,34,,,,,,,23,18,Man,Rechts,
,xotask,4,4,training,hard,hard,,,969,['c'],1,left,none,-99,-99,42,,,,,,,23,18,Man,Rechts,
,xotask,5,4,training,hard,hard,,,835,['n'],1,right,none,-99,-99,35,,,,,,,23,18,Man,Rechts,
,xotask,6,4,training,hard,hard,,,1287,['c'],0,right,none,-99,-99,35,,,,,,,23,18,Man,Rechts,
,xotask,7,4,training,hard,hard,,,818,['n'],0,left,none,-99,-99,42,,,,,,,23,18,Man,Rechts,
,xotask,8,4,training,hard,hard,,,1018,['c'],1,left,none,-99,-99,45,,,,,,,23,18,Man,Rechts,
,xotask,9,4,training,hard,hard,,,720,['n'],1,right,none,-99,-99,36,,,,,,,23,18,Man,Rechts,
,xotask,10,4,training,hard,hard,,,769,['n'],0,left,none,-99,-99,42,,,,,,,23,18,Man,Rechts,
,xotask,11,4,training,hard,hard,,,701,['n'],0,left,none,-99,-99,43,,,,,,,23,18,Man,Rechts,
,xotask,12,4,training,hard,hard,,,1486,['c'],0,right,none,-99,-99,35,,,,,,,23,18,Man,Rechts,
,xotask,13,4,training,hard,hard,,,918,['c'],1,left,none,-99,-99,44,,,,,,,23,18,Man,Rechts,
,xotask,14,4,training,hard,hard,,,1068,['c'],0,right,none,-99,-99,33,,,,,,,23,18,Man,Rechts,
,xotask,15,4,training,hard,hard,,,1603,['c'],1,left,none,-99,-99,42,,,,,,,23,18,Man,Rechts,
,xotask,16,4,training,hard,hard,,,652,['n'],1,right,none,-99,-99,36,,,,,,,23,18,Man,Rechts,
,xotask,17,4,training,hard,hard,,,1068,['n'],0,left,none,-99,-99,42,,,,,,,23,18,Man,Rechts,
,xotask,18,4,training,hard,hard,,,868,['c'],1,left,none,-99,-99,44,,,,,,,23,18,Man,Rechts,
,xotask,19,4,training,hard,hard,,,1301,['n'],0,left,none,-99,-99,44,,,,,,,23,18,Man,Rechts,
,xotask,20,4,training,hard,hard,,,1069,['c'],1,left,none,-99,-99,43,,,,,,,23,18,Man,Rechts,
,xotask,21,4,training,hard,hard,,,1569,['n'],1,right,none,-99,-99,35,,,,,,,23,18,Man,Rechts,
,xotask,22,4,training,hard,hard,,,803,['c'],0,right,none,-99,-99,34,,,,,,,23,18,Man,Rechts,
,xotask,23,4,training,hard,hard,,,1235,['n'],0,left,none,-99,-99,45,,,,,,,23,18,Man,Rechts,
,xotask,0,5,main,hard,easy,,,801,['c'],1,left,['9'],5,293,74,,,,,,,23,18,Man,Rechts,
,xotask,1,5,main,hard,hard,,,952,['n'],0,left,['0'],6,542,46,,,,,,,23,18,Man,Rechts,
,xotask,2,5,main,hard,hard,,,1053,['n'],1,right,['9'],5,120,37,,,,,,,23,18,Man,Rechts,
,xotask,3,5,main,hard,hard,,,935,['c'],0,right,['8'],4,377,34,,,,,,,23,18,Man,Rechts,
,xotask,4,5,main,hard,easy,,,1019,['n'],1,right,['0'],6,299,8,,,,,,,23,18,Man,Rechts,
,xotask,5,5,main,hard,easy,,,985,['n'],1,right,['0'],6,274,5,,,,,,,23,18,Man,Rechts,
,xotask,6,5,main,hard,average,,,1118,['c'],1,left,['9'],5,228,57,,,,,,,23,18,Man,Rechts,
,xotask,7,5,main,hard,easy,,,1470,['n'],1,right,['0'],6,410,5,,,,,,,23,18,Man,Rechts,
,xotask,8,5,main,hard,easy,,,1119,['n'],1,right,['0'],6,375,7,,,,,,,23,18,Man,Rechts,
,xotask,9,5,main,hard,hard,,,884,['c'],1,left,['0'],6,223,44,,,,,,,23,18,Man,Rechts,
,xotask,10,5,main,hard,hard,,,1620,['n'],0,left,['3'],3,303,46,,,,,,,23,18,Man,Rechts,
,xotask,11,5,main,hard,average,,,1136,['c'],1,left,['0'],6,320,56,,,,,,,23,18,Man,Rechts,
,xotask,12,5,main,hard,hard,,,1819,['c'],0,right,['9'],5,419,36,,,,,,,23,18,Man,Rechts,
,xotask,13,5,main,hard,average,,,1135,['c'],1,left,['9'],5,431,57,,,,,,,23,18,Man,Rechts,
,xotask,14,5,main,hard,average,,,1352,['n'],1,right,['8'],4,161,24,,,,,,,23,18,Man,Rechts,
,xotask,15,5,main,hard,hard,,,1335,['c'],1,left,['9'],5,496,45,,,,,,,23,18,Man,Rechts,
,xotask,16,5,main,hard,average,,,1220,['c'],1,left,['0'],6,277,53,,,,,,,23,18,Man,Rechts,
,xotask,17,5,main,hard,average,,,2036,['c'],1,left,['9'],5,242,54,,,,,,,23,18,Man,Rechts,
,xotask,18,5,main,hard,easy,,,986,['n'],1,right,['0'],6,219,7,,,,,,,23,18,Man,Rechts,
,xotask,19,5,main,hard,easy,,,684,['c'],1,left,['0'],6,273,71,,,,,,,23,18,Man,Rechts,
,xotask,20,5,main,hard,average,,,1002,['n'],1,right,['9'],5,505,25,,,,,,,23,18,Man,Rechts,
,xotask,21,5,main,hard,easy,,,952,['n'],1,right,['0'],6,249,6,,,,,,,23,18,Man,Rechts,
,xotask,22,5,main,hard,easy,,,769,['c'],1,left,['0'],6,250,71,,,,,,,23,18,Man,Rechts,
,xotask,23,5,main,hard,hard,,,1203,['c'],0,right,['9'],5,2682,34,,,,,,,23,18,Man,Rechts,
,xotask,24,5,main,hard,easy,,,886,['n'],1,right,['0'],6,1235,8,,,,,,,23,18,Man,Rechts,
,xotask,25,5,main,hard,average,,,936,['c'],1,left,['9'],5,278,57,,,,,,,23,18,Man,Rechts,
,xotask,26,5,main,hard,easy,,,952,['c'],1,left,['8'],4,527,71,,,,,,,23,18,Man,Rechts,
,xotask,27,5,main,hard,easy,,,769,['c'],1,left,['0'],6,230,72,,,,,,,23,18,Man,Rechts,
,xotask,28,5,main,hard,average,,,1019,['n'],1,right,['0'],6,62,23,,,,,,,23,18,Man,Rechts,
,xotask,29,5,main,hard,hard,,,1187,['c'],0,right,['9'],5,454,35,,,,,,,23,18,Man,Rechts,
,xotask,30,5,main,hard,hard,,,702,['c'],1,left,['9'],5,258,46,,,,,,,23,18,Man,Rechts,
,xotask,31,5,main,hard,hard,,,1486,['n'],1,right,['3'],3,278,37,,,,,,,23,18,Man,Rechts,
,xotask,32,5,main,hard,easy,,,936,['n'],1,right,['0'],6,319,7,,,,,,,23,18,Man,Rechts,
,xotask,33,5,main,hard,hard,,,1335,['n'],0,left,['8'],4,279,42,,,,,,,23,18,Man,Rechts,
,xotask,34,5,main,hard,average,,,785,['c'],1,left,['9'],5,263,56,,,,,,,23,18,Man,Rechts,
,xotask,35,5,main,hard,hard,,,952,['n'],1,right,['9'],5,336,33,,,,,,,23,18,Man,Rechts,
,xotask,36,5,main,hard,hard,,,2371,['c'],0,right,['2'],2,717,33,,,,,,,23,18,Man,Rechts,
,xotask,37,5,main,hard,average,,,886,['n'],1,right,['9'],5,326,26,,,,,,,23,18,Man,Rechts,
,xotask,38,5,main,hard,average,,,1186,['n'],1,right,['3'],3,372,25,,,,,,,23,18,Man,Rechts,
,xotask,39,5,main,hard,hard,,,952,['n'],0,left,['8'],4,633,42,,,,,,,23,18,Man,Rechts,
,xotask,40,5,main,hard,easy,,,835,['n'],1,right,['0'],6,232,6,,,,,,,23,18,Man,Rechts,
,xotask,41,5,main,hard,easy,,,835,['c'],1,left,['0'],6,200,71,,,,,,,23,18,Man,Rechts,
,xotask,42,5,main,hard,hard,,,1637,['n'],0,left,['9'],5,280,42,,,,,,,23,18,Man,Rechts,
,xotask,43,5,main,hard,easy,,,918,['c'],1,left,['0'],6,66,73,,,,,,,23,18,Man,Rechts,
,xotask,44,5,main,hard,average,,,852,['n'],1,right,['0'],6,280,24,,,,,,,23,18,Man,Rechts,
,xotask,45,5,main,hard,hard,,,1352,['n'],0,left,['9'],5,368,44,,,,,,,23,18,Man,Rechts,
,xotask,46,5,main,hard,easy,,,1019,['n'],1,right,['0'],6,243,6,,,,,,,23,18,Man,Rechts,
,xotask,47,5,main,hard,average,,,836,['n'],1,right,['0'],6,466,22,,,,,,,23,18,Man,Rechts,
,xotask,48,5,main,hard,hard,,,1369,['n'],0,left,['9'],5,322,43,,,,,,,23,18,Man,Rechts,
,xotask,49,5,main,hard,average,,,1168,['n'],0,left,['9'],5,289,57,,,,,,,23,18,Man,Rechts,
,xotask,50,5,main,hard,hard,,,1402,['c'],0,right,['3'],3,327,35,,,,,,,23,18,Man,Rechts,
,xotask,51,5,main,hard,average,,,1353,['c'],1,left,['9'],5,430,53,,,,,,,23,18,Man,Rechts,
,xotask,52,5,main,hard,easy,,,1620,['c'],1,left,['0'],6,373,73,,,,,,,23,18,Man,Rechts,
,xotask,53,5,main,hard,easy,,,1252,['c'],1,left,['0'],6,318,74,,,,,,,23,18,Man,Rechts,
,xotask,54,5,main,hard,average,,,2070,['c'],0,right,['8'],4,72,23,,,,,,,23,18,Man,Rechts,
,xotask,55,5,main,hard,easy,,,886,['c'],1,left,['0'],6,284,71,,,,,,,23,18,Man,Rechts,
,xotask,56,5,main,hard,average,,,736,['c'],1,left,['0'],6,350,53,,,,,,,23,18,Man,Rechts,
,xotask,57,5,main,hard,easy,,,1353,['c'],1,left,['0'],6,308,70,,,,,,,23,18,Man,Rechts,
,xotask,58,5,main,hard,average,,,1252,['c'],0,right,['0'],6,351,26,,,,,,,23,18,Man,Rechts,
,xotask,59,5,main,hard,average,,,869,['c'],1,left,['0'],6,440,57,,,,,,,23,18,Man,Rechts,
,xotask,60,5,main,hard,hard,,,1219,['n'],0,left,['9'],5,272,45,,,,,,,23,18,Man,Rechts,
,xotask,61,5,main,hard,hard,,,735,['n'],0,left,['0'],6,258,45,,,,,,,23,18,Man,Rechts,
,xotask,62,5,main,hard,average,,,869,['n'],1,right,['9'],5,240,24,,,,,,,23,18,Man,Rechts,
,xotask,63,5,main,hard,hard,,,1786,['c'],0,right,['8'],4,408,33,,,,,,,23,18,Man,Rechts,
,xotask,64,5,main,hard,average,,,1470,['n'],1,right,['3'],3,295,23,,,,,,,23,18,Man,Rechts,
,xotask,65,5,main,hard,hard,,,1103,['n'],1,right,['8'],4,1049,33,,,,,,,23,18,Man,Rechts,
,xotask,66,5,main,hard,easy,,,736,['n'],1,right,['0'],6,27,8,,,,,,,23,18,Man,Rechts,
,xotask,67,5,main,hard,average,,,818,['n'],1,right,['0'],6,36,25,,,,,,,23,18,Man,Rechts,
,xotask,68,5,main,hard,average,,,1085,['c'],1,left,['9'],5,386,56,,,,,,,23,18,Man,Rechts,
,xotask,69,5,main,hard,easy,,,851,['c'],1,left,['0'],6,106,74,,,,,,,23,18,Man,Rechts,
,xotask,70,5,main,hard,hard,,,819,['n'],1,right,['0'],6,720,33,,,,,,,23,18,Man,Rechts,
,xotask,71,5,main,hard,easy,,,801,['n'],1,right,['0'],6,109,6,,,,,,,23,18,Man,Rechts,
,xotask,0,6,main,hard,easy,,,769,['c'],1,left,['0'],6,242,71,,,,,,,23,18,Man,Rechts,
,xotask,1,6,main,hard,hard,,,552,['n'],1,right,['9'],5,237,36,,,,,,,23,18,Man,Rechts,
,xotask,2,6,main,hard,average,,,1102,['c'],0,right,['2'],2,242,23,,,,,,,23,18,Man,Rechts,
,xotask,3,6,main,hard,easy,,,1019,['c'],1,left,['0'],6,298,70,,,,,,,23,18,Man,Rechts,
,xotask,4,6,main,hard,easy,,,567,['n'],1,right,['0'],6,289,6,,,,,,,23,18,Man,Rechts,
,xotask,5,6,main,hard,easy,,,735,['n'],1,right,['0'],6,243,6,,,,,,,23,18,Man,Rechts,
,xotask,6,6,main,hard,hard,,,1086,['c'],1,left,['9'],5,72,46,,,,,,,23,18,Man,Rechts,
,xotask,7,6,main,hard,average,,,719,['c'],1,left,['9'],5,243,54,,,,,,,23,18,Man,Rechts,
,xotask,8,6,main,hard,hard,,,1218,['c'],1,left,['9'],5,355,43,,,,,,,23,18,Man,Rechts,
,xotask,9,6,main,hard,hard,,,835,['c'],1,left,['0'],6,254,45,,,,,,,23,18,Man,Rechts,
,xotask,10,6,main,hard,easy,,,652,['n'],1,right,['0'],6,245,7,,,,,,,23,18,Man,Rechts,
,xotask,11,6,main,hard,hard,,,1002,['c'],0,right,['0'],6,381,37,,,,,,,23,18,Man,Rechts,
,xotask,12,6,main,hard,hard,,,1102,['c'],1,left,['3'],3,508,46,,,,,,,23,18,Man,Rechts,
,xotask,13,6,main,hard,hard,,,1202,['n'],1,right,['8'],4,145,34,,,,,,,23,18,Man,Rechts,
,xotask,14,6,main,hard,average,,,1736,['c'],0,right,['8'],4,415,25,,,,,,,23,18,Man,Rechts,
,xotask,15,6,main,hard,hard,,,702,['c'],1,left,['9'],5,221,42,,,,,,,23,18,Man,Rechts,
,xotask,16,6,main,hard,average,,,1220,['n'],1,right,['9'],5,349,22,,,,,,,23,18,Man,Rechts,
,xotask,17,6,main,hard,hard,,,835,['c'],1,left,['9'],5,328,44,,,,,,,23,18,Man,Rechts,
,xotask,18,6,main,hard,easy,,,835,['c'],1,left,['0'],6,260,71,,,,,,,23,18,Man,Rechts,
,xotask,19,6,main,hard,average,,,1537,['c'],1,left,['9'],5,326,56,,,,,,,23,18,Man,Rechts,
,xotask,20,6,main,hard,average,,,835,['n'],1,right,['0'],6,275,22,,,,,,,23,18,Man,Rechts,
,xotask,21,6,main,hard,easy,,,718,['c'],1,left,['0'],6,261,73,,,,,,,23,18,Man,Rechts,
,xotask,22,6,main,hard,average,,,1103,['n'],1,right,['0'],6,249,25,,,,,,,23,18,Man,Rechts,
,xotask,23,6,main,hard,average,,,886,['n'],1,right,['0'],6,182,23,,,,,,,23,18,Man,Rechts,
,xotask,24,6,main,hard,easy,,,853,['n'],1,right,['0'],6,119,9,,,,,,,23,18,Man,Rechts,
,xotask,25,6,main,hard,hard,,,1052,['n'],0,left,['9'],5,194,42,,,,,,,23,18,Man,Rechts,
,xotask,26,6,main,hard,easy,,,735,['c'],1,left,['0'],6,248,70,,,,,,,23,18,Man,Rechts,
,xotask,27,6,main,hard,average,,,869,['n'],1,right,['0'],6,37,22,,,,,,,23,18,Man,Rechts,
,xotask,28,6,main,hard,easy,,,1003,['c'],1,left,['9'],5,326,72,,,,,,,23,18,Man,Rechts,
,xotask,29,6,main,hard,average,,,1202,['c'],1,left,['3'],3,643,53,,,,,,,23,18,Man,Rechts,
,xotask,30,6,main,hard,easy,,,1251,['c'],1,left,['9'],5,385,73,,,,,,,23,18,Man,Rechts,
,xotask,31,6,main,hard,average,,,1001,['c'],1,left,['0'],6,244,53,,,,,,,23,18,Man,Rechts,
,xotask,32,6,main,hard,easy,,,868,['n'],1,right,['0'],6,450,6,,,,,,,23,18,Man,Rechts,
,xotask,33,6,main,hard,easy,,,1385,['c'],1,left,['0'],6,530,70,,,,,,,23,18,Man,Rechts,
,xotask,34,6,main,hard,easy,,,735,['c'],1,left,['0'],6,234,74,,,,,,,23,18,Man,Rechts,
,xotask,35,6,main,hard,hard,,,901,['n'],1,right,['8'],4,678,37,,,,,,,23,18,Man,Rechts,
,xotask,36,6,main,hard,hard,,,2370,['c'],1,left,['3'],3,309,44,,,,,,,23,18,Man,Rechts,
,xotask,37,6,main,hard,average,,,1270,['c'],1,left,['9'],5,224,53,,,,,,,23,18,Man,Rechts,
,xotask,38,6,main,hard,easy,,,936,['n'],1,right,['9'],5,92,7,,,,,,,23,18,Man,Rechts,
,xotask,39,6,main,hard,easy,,,668,['n'],1,right,['0'],6,313,8,,,,,,,23,18,Man,Rechts,
,xotask,40,6,main,hard,hard,,,952,['n'],1,right,['9'],5,272,37,,,,,,,23,18,Man,Rechts,
,xotask,41,6,main,hard,average,,,953,['c'],1,left,['9'],5,361,53,,,,,,,23,18,Man,Rechts,
,xotask,42,6,main,hard,average,,,1953,['n'],1,right,['3'],3,294,26,,,,,,,23,18,Man,Rechts,
,xotask,43,6,main,hard,hard,,,1352,['n'],0,left,['9'],5,543,43,,,,,,,23,18,Man,Rechts,
,xotask,44,6,main,hard,average,,,1052,['c'],1,left,['8'],4,777,54,,,,,,,23,18,Man,Rechts,
,xotask,45,6,main,hard,easy,,,1102,['c'],1,left,['9'],5,1064,70,,,,,,,23,18,Man,Rechts,
,xotask,46,6,main,hard,easy,,,1003,['n'],1,right,['0'],6,286,7,,,,,,,23,18,Man,Rechts,
,xotask,47,6,main,hard,hard,,,1435,['c'],0,right,['3'],3,1043,33,,,,,,,23,18,Man,Rechts,
,xotask,48,6,main,hard,average,,,835,['n'],1,right,['0'],6,210,22,,,,,,,23,18,Man,Rechts,
,xotask,49,6,main,hard,average,,,1202,['c'],1,left,['0'],6,452,54,,,,,,,23,18,Man,Rechts,
,xotask,50,6,main,hard,average,,,1670,['c'],1,left,['9'],5,280,57,,,,,,,23,18,Man,Rechts,
,xotask,51,6,main,hard,hard,,,1053,['n'],1,right,['8'],4,317,36,,,,,,,23,18,Man,Rechts,
,xotask,52,6,main,hard,hard,,,968,['c'],0,right,['8'],4,404,34,,,,,,,23,18,Man,Rechts,
,xotask,53,6,main,hard,easy,,,853,['n'],1,right,['0'],6,204,9,,,,,,,23,18,Man,Rechts,
,xotask,54,6,main,hard,hard,,,885,['c'],1,left,['9'],5,475,44,,,,,,,23,18,Man,Rechts,
,xotask,55,6,main,hard,hard,,,986,['n'],1,right,['0'],6,250,35,,,,,,,23,18,Man,Rechts,
,xotask,56,6,main,hard,average,,,768,['c'],0,right,['1'],1,2444,26,,,,,,,23,18,Man,Rechts,
,xotask,57,6,main,hard,hard,,,1303,['n'],0,left,['9'],5,222,45,,,,,,,23,18,Man,Rechts,
,xotask,58,6,main,hard,average,,,1518,['c'],1,left,['8'],4,434,56,,,,,,,23,18,Man,Rechts,
,xotask,59,6,main,hard,hard,,,1669,['c'],0,right,['9'],5,328,33,,,,,,,23,18,Man,Rechts,
,xotask,60,6,main,hard,average,,,1251,['n'],1,right,['0'],6,403,23,,,,,,,23,18,Man,Rechts,
,xotask,61,6,main,hard,hard,,,969,['c'],0,right,['0'],6,214,35,,,,,,,23,18,Man,Rechts,
,xotask,62,6,main,hard,average,,,1152,['n'],0,left,['9'],5,425,56,,,,,,,23,18,Man,Rechts,
,xotask,63,6,main,hard,easy,,,1052,['n'],1,right,['0'],6,264,7,,,,,,,23,18,Man,Rechts,
,xotask,64,6,main,hard,easy,,,935,['c'],1,left,['0'],6,242,71,,,,,,,23,18,Man,Rechts,
,xotask,65,6,main,hard,hard,,,919,['n'],1,right,['0'],6,238,37,,,,,,,23,18,Man,Rechts,
,xotask,66,6,main,hard,average,,,851,['c'],1,left,['9'],5,285,57,,,,,,,23,18,Man,Rechts,
,xotask,67,6,main,hard,easy,,,952,['c'],1,left,['0'],6,262,74,,,,,,,23,18,Man,Rechts,
,xotask,68,6,main,hard,hard,,,818,['c'],1,left,['0'],6,485,45,,,,,,,23,18,Man,Rechts,
,xotask,69,6,main,hard,average,,,869,['n'],1,right,['0'],6,233,26,,,,,,,23,18,Man,Rechts,
,xotask,70,6,main,hard,easy,,,885,['n'],1,right,['0'],6,342,7,,,,,,,23,18,Man,Rechts,
,xotask,71,6,main,hard,easy,,,786,['n'],1,right,['0'],6,868,6,,,,,,,23,18,Man,Rechts,
,xotask,0,7,main,hard,easy,,,1002,['c'],1,left,['0'],6,273,73,,,,,,,23,18,Man,Rechts,
,xotask,1,7,main,hard,easy,,,585,['n'],1,right,['0'],6,249,9,,,,,,,23,18,Man,Rechts,
,xotask,2,7,main,hard,average,,,969,['c'],1,left,['9'],5,274,53,,,,,,,23,18,Man,Rechts,
,xotask,3,7,main,hard,average,,,1319,['c'],1,left,['9'],5,45,56,,,,,,,23,18,Man,Rechts,
,xotask,4,7,main,hard,easy,,,586,['c'],1,left,['0'],6,287,74,,,,,,,23,18,Man,Rechts,
,xotask,5,7,main,hard,hard,,,1169,['n'],0,left,['9'],5,1567,44,,,,,,,23,18,Man,Rechts,
,xotask,6,7,main,hard,hard,,,985,['c'],1,left,['9'],5,273,44,,,,,,,23,18,Man,Rechts,
,xotask,7,7,main,hard,easy,,,802,['n'],1,right,['0'],6,257,9,,,,,,,23,18,Man,Rechts,
,xotask,8,7,main,hard,hard,,,819,['c'],1,left,['0'],6,240,46,,,,,,,23,18,Man,Rechts,
,xotask,9,7,main,hard,average,,,885,['n'],1,right,['0'],6,1086,23,,,,,,,23,18,Man,Rechts,
,xotask,10,7,main,hard,average,,,1136,['n'],1,right,['0'],6,206,22,,,,,,,23,18,Man,Rechts,
,xotask,11,7,main,hard,easy,,,801,['c'],1,left,['0'],6,321,71,,,,,,,23,18,Man,Rechts,
,xotask,12,7,main,hard,average,,,769,['c'],1,left,['3'],3,1135,55,,,,,,,23,18,Man,Rechts,
,xotask,13,7,main,hard,average,,,752,['n'],1,right,['9'],5,333,26,,,,,,,23,18,Man,Rechts,
,xotask,14,7,main,hard,average,,,903,['c'],1,left,['0'],6,614,53,,,,,,,23,18,Man,Rechts,
,xotask,15,7,main,hard,easy,,,735,['c'],1,left,['0'],6,458,74,,,,,,,23,18,Man,Rechts,
,xotask,16,7,main,hard,easy,,,669,['c'],1,left,['0'],6,312,71,,,,,,,23,18,Man,Rechts,
,xotask,17,7,main,hard,easy,,,702,['c'],1,left,['0'],6,377,73,,,,,,,23,18,Man,Rechts,
,xotask,18,7,main,hard,average,,,752,['n'],1,right,['0'],6,775,23,,,,,,,23,18,Man,Rechts,
,xotask,19,7,main,hard,easy,,,1902,['n'],1,right,['8'],4,324,8,,,,,,,23,18,Man,Rechts,
,xotask,20,7,main,hard,hard,,,801,['c'],1,left,['9'],5,370,46,,,,,,,23,18,Man,Rechts,
,xotask,21,7,main,hard,easy,,,736,['n'],1,right,['0'],6,1312,9,,,,,,,23,18,Man,Rechts,
,xotask,22,7,main,hard,average,,,1119,['n'],0,left,['9'],5,537,53,,,,,,,23,18,Man,Rechts,
,xotask,23,7,main,hard,easy,,,852,['n'],1,right,['0'],6,907,9,,,,,,,23,18,Man,Rechts,
,xotask,24,7,main,hard,average,,,818,['c'],1,left,['0'],6,352,57,,,,,,,23,18,Man,Rechts,
,xotask,25,7,main,hard,average,,,969,['n'],1,right,['0'],6,310,24,,,,,,,23,18,Man,Rechts,
,xotask,26,7,main,hard,average,,,1319,['n'],1,right,['9'],5,1182,24,,,,,,,23,18,Man,Rechts,
,xotask,27,7,main,hard,hard,,,919,['c'],0,right,['8'],4,1316,33,,,,,,,23,18,Man,Rechts,
,xotask,28,7,main,hard,easy,,,785,['c'],1,left,['0'],6,137,70,,,,,,,23,18,Man,Rechts,
,xotask,29,7,main,hard,easy,,,885,['c'],1,left,['0'],6,171,71,,,,,,,23,18,Man,Rechts,
,xotask,30,7,main,hard,hard,,,1636,['c'],1,left,['9'],5,588,43,,,,,,,23,18,Man,Rechts,
,xotask,31,7,main,hard,average,,,1118,['c'],1,left,['8'],4,465,53,,,,,,,23,18,Man,Rechts,
,xotask,32,7,main,hard,average,,,801,['c'],1,left,['0'],6,281,57,,,,,,,23,18,Man,Rechts,
,xotask,33,7,main,hard,hard,,,2403,['c'],0,right,['8'],4,198,36,,,,,,,23,18,Man,Rechts,
,xotask,34,7,main,hard,easy,,,735,['c'],1,left,['9'],5,299,70,,,,,,,23,18,Man,Rechts,
,xotask,35,7,main,hard,average,,,1385,['n'],1,right,['9'],5,353,24,,,,,,,23,18,Man,Rechts,
,xotask,36,7,main,hard,hard,,,885,['c'],0,right,['3'],3,442,34,,,,,,,23,18,Man,Rechts,
,xotask,37,7,main,hard,average,,,1086,['n'],1,right,['8'],4,311,26,,,,,,,23,18,Man,Rechts,
,xotask,38,7,main,hard,hard,,,1285,['c'],0,right,['8'],4,2,35,,,,,,,23,18,Man,Rechts,
,xotask,39,7,main,hard,average,,,868,['n'],1,right,['0'],6,393,22,,,,,,,23,18,Man,Rechts,
,xotask,40,7,main,hard,hard,,,969,['c'],1,left,['9'],5,285,44,,,,,,,23,18,Man,Rechts,
,xotask,41,7,main,hard,easy,,,952,['c'],0,right,['1'],1,278,9,,,,,,,23,18,Man,Rechts,
,xotask,42,7,main,hard,easy,,,835,['c'],1,left,['0'],6,468,74,,,,,,,23,18,Man,Rechts,
,xotask,43,7,main,hard,hard,,,819,['n'],1,right,['9'],5,554,34,,,,,,,23,18,Man,Rechts,
,xotask,44,7,main,hard,hard,,,2053,['n'],1,right,['9'],5,891,36,,,,,,,23,18,Man,Rechts,
,xotask,45,7,main,hard,hard,,,902,['n'],1,right,['9'],5,525,34,,,,,,,23,18,Man,Rechts,
,xotask,46,7,main,hard,hard,,,801,['c'],1,left,['9'],5,211,46,,,,,,,23,18,Man,Rechts,
,xotask,47,7,main,hard,average,,,919,['c'],0,right,['8'],4,208,22,,,,,,,23,18,Man,Rechts,
,xotask,48,7,main,hard,easy,,,1103,['n'],1,right,['0'],6,310,9,,,,,,,23,18,Man,Rechts,
,xotask,49,7,main,hard,easy,,,802,['n'],1,right,['0'],6,612,9,,,,,,,23,18,Man,Rechts,
,xotask,50,7,main,hard,easy,,,1037,['c'],1,left,['0'],6,204,74,,,,,,,23,18,Man,Rechts,
,xotask,51,7,main,hard,easy,,,886,['n'],1,right,['0'],6,11,9,,,,,,,23,18,Man,Rechts,
,xotask,52,7,main,hard,hard,,,1069,['c'],0,right,['0'],6,314,37,,,,,,,23,18,Man,Rechts,
,xotask,53,7,main,hard,hard,,,1619,['n'],1,right,['8'],4,326,35,,,,,,,23,18,Man,Rechts,
,xotask,54,7,main,hard,average,,,885,['c'],0,right,['1'],1,416,24,,,,,,,23,18,Man,Rechts,
,xotask,55,7,main,hard,hard,,,1069,['n'],0,left,['9'],5,463,45,,,,,,,23,18,Man,Rechts,
,xotask,56,7,main,hard,easy,,,1335,['n'],1,right,['9'],5,321,9,,,,,,,23,18,Man,Rechts,
,xotask,57,7,main,hard,easy,,,668,['n'],1,right,['0'],6,340,6,,,,,,,23,18,Man,Rechts,
,xotask,58,7,main,hard,hard,,,1202,['c'],1,left,['9'],5,928,44,,,,,,,23,18,Man,Rechts,
,xotask,59,7,main,hard,average,,,1353,['n'],0,left,['9'],5,270,57,,,,,,,23,18,Man,Rechts,
,xotask,60,7,main,hard,easy,,,1486,['c'],1,left,['8'],4,241,70,,,,,,,23,18,Man,Rechts,
,xotask,61,7,main,hard,average,,,3738,['c'],1,left,['9'],5,346,53,,,,,,,23,18,Man,Rechts,
,xotask,62,7,main,hard,hard,,,1436,['n'],1,right,['3'],3,268,37,,,,,,,23,18,Man,Rechts,
,xotask,63,7,main,hard,hard,,,1286,['n'],1,right,['8'],4,521,34,,,,,,,23,18,Man,Rechts,
,xotask,64,7,main,hard,average,,,1101,['c'],1,left,['9'],5,129,55,,,,,,,23,18,Man,Rechts,
,xotask,65,7,main,hard,average,,,1502,['c'],1,left,['9'],5,137,54,,,,,,,23,18,Man,Rechts,
,xotask,66,7,main,hard,easy,,,969,['n'],1,right,['0'],6,311,6,,,,,,,23,18,Man,Rechts,
,xotask,67,7,main,hard,hard,,,1419,['n'],0,left,['9'],5,236,42,,,,,,,23,18,Man,Rechts,
,xotask,68,7,main,hard,hard,,,1387,['n'],0,left,['8'],4,789,42,,,,,,,23,18,Man,Rechts,
,xotask,69,7,main,hard,average,,,802,['n'],1,right,['9'],5,256,25,,,,,,,23,18,Man,Rechts,
,xotask,70,7,main,hard,hard,,,886,['c'],1,left,['8'],4,477,45,,,,,,,23,18,Man,Rechts,
,xotask,71,7,main,hard,hard,,,1136,['c'],0,right,['8'],4,342,35,,,,,,,23,18,Man,Rechts,
,dotcolour,0,0,training,easy,easy,,,1086,['c'],1,left,none,-99,-99,,65,,,,,,23,18,Man,Rechts,
,dotcolour,1,0,training,easy,easy,,,501,['n'],1,right,none,-99,-99,,17,,,,,,23,18,Man,Rechts,
,dotcolour,2,0,training,easy,easy,,,401,['c'],1,left,none,-99,-99,,64,,,,,,23,18,Man,Rechts,
,dotcolour,3,0,training,easy,easy,,,551,['c'],1,left,none,-99,-99,,62,,,,,,23,18,Man,Rechts,
,dotcolour,4,0,training,easy,easy,,,418,['n'],1,right,none,-99,-99,,16,,,,,,23,18,Man,Rechts,
,dotcolour,5,0,training,easy,easy,,,319,['c'],0,right,none,-99,-99,,16,,,,,,23,18,Man,Rechts,
,dotcolour,6,0,training,easy,easy,,,702,['c'],1,left,none,-99,-99,,65,,,,,,23,18,Man,Rechts,
,dotcolour,7,0,training,easy,easy,,,452,['n'],1,right,none,-99,-99,,19,,,,,,23,18,Man,Rechts,
,dotcolour,8,0,training,easy,easy,,,519,['c'],1,left,none,-99,-99,,61,,,,,,23,18,Man,Rechts,
,dotcolour,9,0,training,easy,easy,,,518,['n'],1,right,none,-99,-99,,17,,,,,,23,18,Man,Rechts,
,dotcolour,10,0,training,easy,easy,,,602,['n'],1,right,none,-99,-99,,19,,,,,,23,18,Man,Rechts,
,dotcolour,11,0,training,easy,easy,,,602,['c'],1,left,none,-99,-99,,61,,,,,,23,18,Man,Rechts,
,dotcolour,12,0,training,easy,easy,,,485,['n'],1,right,none,-99,-99,,15,,,,,,23,18,Man,Rechts,
,dotcolour,13,0,training,easy,easy,,,485,['c'],1,left,none,-99,-99,,61,,,,,,23,18,Man,Rechts,
,dotcolour,14,0,training,easy,easy,,,585,['c'],1,left,none,-99,-99,,63,,,,,,23,18,Man,Rechts,
,dotcolour,15,0,training,easy,easy,,,652,['c'],1,left,none,-99,-99,,62,,,,,,23,18,Man,Rechts,
,dotcolour,16,0,training,easy,easy,,,418,['n'],1,right,none,-99,-99,,15,,,,,,23,18,Man,Rechts,
,dotcolour,17,0,training,easy,easy,,,536,['c'],1,left,none,-99,-99,,65,,,,,,23,18,Man,Rechts,
,dotcolour,18,0,training,easy,easy,,,785,['c'],1,left,none,-99,-99,,64,,,,,,23,18,Man,Rechts,
,dotcolour,19,0,training,easy,easy,,,502,['n'],1,right,none,-99,-99,,18,,,,,,23,18,Man,Rechts,
,dotcolour,20,0,training,easy,easy,,,619,['n'],1,right,none,-99,-99,,16,,,,,,23,18,Man,Rechts,
,dotcolour,21,0,training,easy,easy,,,551,['n'],1,right,none,-99,-99,,16,,,,,,23,18,Man,Rechts,
,dotcolour,22,0,training,easy,easy,,,1019,['n'],1,right,none,-99,-99,,16,,,,,,23,18,Man,Rechts,
,dotcolour,23,0,training,easy,easy,,,535,['c'],1,left,none,-99,-99,,61,,,,,,23,18,Man,Rechts,
,dotcolour,0,1,training,easy,easy,,,651,['c'],1,left,none,-99,-99,,64,,,,,,23,18,Man,Rechts,
,dotcolour,1,1,training,easy,easy,,,485,['c'],1,left,none,-99,-99,,65,,,,,,23,18,Man,Rechts,
,dotcolour,2,1,training,easy,easy,,,535,['n'],1,right,none,-99,-99,,16,,,,,,23,18,Man,Rechts,
,dotcolour,3,1,training,easy,easy,,,702,['c'],1,left,none,-99,-99,,62,,,,,,23,18,Man,Rechts,
,dotcolour,4,1,training,easy,easy,,,451,['n'],1,right,none,-99,-99,,15,,,,,,23,18,Man,Rechts,
,dotcolour,5,1,training,easy,easy,,,485,['n'],1,right,none,-99,-99,,15,,,,,,23,18,Man,Rechts,
,dotcolour,6,1,training,easy,easy,,,802,['n'],1,right,none,-99,-99,,18,,,,,,23,18,Man,Rechts,
,dotcolour,7,1,training,easy,easy,,,785,['c'],1,left,none,-99,-99,,61,,,,,,23,18,Man,Rechts,
,dotcolour,8,1,training,easy,easy,,,652,['c'],1,left,none,-99,-99,,63,,,,,,23,18,Man,Rechts,
,dotcolour,9,1,training,easy,easy,,,452,['n'],1,right,none,-99,-99,,18,,,,,,23,18,Man,Rechts,
,dotcolour,10,1,training,easy,easy,,,502,['c'],1,left,none,-99,-99,,62,,,,,,23,18,Man,Rechts,
,dotcolour,11,1,training,easy,easy,,,618,['n'],1,right,none,-99,-99,,17,,,,,,23,18,Man,Rechts,
,dotcolour,12,1,training,easy,easy,,,434,['c'],1,left,none,-99,-99,,63,,,,,,23,18,Man,Rechts,
,dotcolour,13,1,training,easy,easy,,,635,['c'],1,left,none,-99,-99,,61,,,,,,23,18,Man,Rechts,
,dotcolour,14,1,training,easy,easy,,,784,['c'],1,left,none,-99,-99,,62,,,,,,23,18,Man,Rechts,
,dotcolour,15,1,training,easy,easy,,,485,['n'],1,right,none,-99,-99,,16,,,,,,23,18,Man,Rechts,
,dotcolour,16,1,training,easy,easy,,,385,['c'],1,left,none,-99,-99,,62,,,,,,23,18,Man,Rechts,
,dotcolour,17,1,training,easy,easy,,,602,['c'],1,left,none,-99,-99,,61,,,,,,23,18,Man,Rechts,
,dotcolour,18,1,training,easy,easy,,,635,['c'],1,left,none,-99,-99,,64,,,,,,23,18,Man,Rechts,
,dotcolour,19,1,training,easy,easy,,,435,['n'],1,right,none,-99,-99,,18,,,,,,23,18,Man,Rechts,
,dotcolour,20,1,training,easy,easy,,,635,['n'],1,right,none,-99,-99,,16,,,,,,23,18,Man,Rechts,
,dotcolour,21,1,training,easy,easy,,,702,['n'],1,right,none,-99,-99,,15,,,,,,23,18,Man,Rechts,
,dotcolour,22,1,training,easy,easy,,,702,['n'],1,right,none,-99,-99,,19,,,,,,23,18,Man,Rechts,
,dotcolour,23,1,training,easy,easy,,,768,['n'],1,right,none,-99,-99,,15,,,,,,23,18,Man,Rechts,
,dotcolour,0,2,training,easy,easy,,,685,['c'],1,left,none,-99,-99,,62,,,,,,23,18,Man,Rechts,
,dotcolour,1,2,training,easy,easy,,,602,['c'],1,left,none,-99,-99,,65,,,,,,23,18,Man,Rechts,
,dotcolour,2,2,training,easy,easy,,,485,['n'],1,right,none,-99,-99,,18,,,,,,23,18,Man,Rechts,
,dotcolour,3,2,training,easy,easy,,,569,['n'],1,right,none,-99,-99,,17,,,,,,23,18,Man,Rechts,
,dotcolour,4,2,training,easy,easy,,,636,['n'],1,right,none,-99,-99,,19,,,,,,23,18,Man,Rechts,
,dotcolour,5,2,training,easy,easy,,,585,['n'],1,right,none,-99,-99,,15,,,,,,23,18,Man,Rechts,
,dotcolour,6,2,training,easy,easy,,,452,['c'],0,right,none,-99,-99,,15,,,,,,23,18,Man,Rechts,
,dotcolour,7,2,training,easy,easy,,,734,['c'],1,left,none,-99,-99,,62,,,,,,23,18,Man,Rechts,
,dotcolour,8,2,training,easy,easy,,,569,['c'],1,left,none,-99,-99,,63,,,,,,23,18,Man,Rechts,
,dotcolour,9,2,training,easy,easy,,,519,['n'],1,right,none,-99,-99,,18,,,,,,23,18,Man,Rechts,
,dotcolour,10,2,training,easy,easy,,,518,['c'],1,left,none,-99,-99,,64,,,,,,23,18,Man,Rechts,
,dotcolour,11,2,training,easy,easy,,,652,['c'],1,left,none,-99,-99,,63,,,,,,23,18,Man,Rechts,
,dotcolour,12,2,training,easy,easy,,,484,['n'],1,right,none,-99,-99,,17,,,,,,23,18,Man,Rechts,
,dotcolour,13,2,training,easy,easy,,,635,['c'],1,left,none,-99,-99,,61,,,,,,23,18,Man,Rechts,
,dotcolour,14,2,training,easy,easy,,,685,['n'],1,right,none,-99,-99,,15,,,,,,23,18,Man,Rechts,
,dotcolour,15,2,training,easy,easy,,,734,['n'],1,right,none,-99,-99,,15,,,,,,23,18,Man,Rechts,
,dotcolour,16,2,training,easy,easy,,,685,['c'],1,left,none,-99,-99,,62,,,,,,23,18,Man,Rechts,
,dotcolour,17,2,training,easy,easy,,,651,['n'],1,right,none,-99,-99,,17,,,,,,23,18,Man,Rechts,
,dotcolour,18,2,training,easy,easy,,,535,['c'],1,left,none,-99,-99,,61,,,,,,23,18,Man,Rechts,
,dotcolour,19,2,training,easy,easy,,,551,['c'],1,left,none,-99,-99,,61,,,,,,23,18,Man,Rechts,
,dotcolour,20,2,training,easy,easy,,,569,['c'],1,left,none,-99,-99,,64,,,,,,23,18,Man,Rechts,
,dotcolour,21,2,training,easy,easy,,,502,['c'],1,left,none,-99,-99,,65,,,,,,23,18,Man,Rechts,
,dotcolour,22,2,training,easy,easy,,,518,['n'],1,right,none,-99,-99,,15,,,,,,23,18,Man,Rechts,
,dotcolour,23,2,training,easy,easy,,,735,['n'],1,right,none,-99,-99,,18,,,,,,23,18,Man,Rechts,
,dotcolour,0,3,training,easy,easy,,,819,['c'],1,left,none,-99,-99,,63,,,,,,23,18,Man,Rechts,
,dotcolour,1,3,training,easy,easy,,,718,['n'],1,right,none,-99,-99,,17,,,,,,23,18,Man,Rechts,
,dotcolour,2,3,training,easy,easy,,,719,['n'],1,right,none,-99,-99,,16,,,,,,23,18,Man,Rechts,
,dotcolour,3,3,training,easy,easy,,,535,['c'],1,left,none,-99,-99,,64,,,,,,23,18,Man,Rechts,
,dotcolour,4,3,training,easy,easy,,,501,['c'],1,left,none,-99,-99,,63,,,,,,23,18,Man,Rechts,
,dotcolour,5,3,training,easy,easy,,,502,['c'],1,left,none,-99,-99,,61,,,,,,23,18,Man,Rechts,
,dotcolour,6,3,training,easy,easy,,,618,['c'],1,left,none,-99,-99,,62,,,,,,23,18,Man,Rechts,
,dotcolour,7,3,training,easy,easy,,,668,['c'],1,left,none,-99,-99,,61,,,,,,23,18,Man,Rechts,
,dotcolour,8,3,training,easy,easy,,,569,['c'],1,left,none,-99,-99,,62,,,,,,23,18,Man,Rechts,
,dotcolour,9,3,training,easy,easy,,,601,['n'],1,right,none,-99,-99,,15,,,,,,23,18,Man,Rechts,
,dotcolour,10,3,training,easy,easy,,,635,['n'],1,right,none,-99,-99,,16,,,,,,23,18,Man,Rechts,
,dotcolour,11,3,training,easy,easy,,,501,['c'],1,left,none,-99,-99,,63,,,,,,23,18,Man,Rechts,
,dotcolour,12,3,training,easy,easy,,,635,['n'],1,right,none,-99,-99,,19,,,,,,23,18,Man,Rechts,
,dotcolour,13,3,training,easy,easy,,,585,['n'],1,right,none,-99,-99,,18,,,,,,23,18,Man,Rechts,
,dotcolour,14,3,training,easy,easy,,,585,['n'],1,right,none,-99,-99,,17,,,,,,23,18,Man,Rechts,
,dotcolour,15,3,training,easy,easy,,,468,['n'],1,right,none,-99,-99,,15,,,,,,23,18,Man,Rechts,
,dotcolour,16,3,training,easy,easy,,,552,['c'],1,left,none,-99,-99,,64,,,,,,23,18,Man,Rechts,
,dotcolour,17,3,training,easy,easy,,,1036,['c'],1,left,none,-99,-99,,61,,,,,,23,18,Man,Rechts,
,dotcolour,18,3,training,easy,easy,,,635,['n'],1,right,none,-99,-99,,17,,,,,,23,18,Man,Rechts,
,dotcolour,19,3,training,easy,easy,,,702,['n'],1,right,none,-99,-99,,19,,,,,,23,18,Man,Rechts,
,dotcolour,20,3,training,easy,easy,,,535,['n'],1,right,none,-99,-99,,18,,,,,,23,18,Man,Rechts,
,dotcolour,21,3,training,easy,easy,,,568,['n'],1,right,none,-99,-99,,15,,,,,,23,18,Man,Rechts,
,dotcolour,22,3,training,easy,easy,,,517,['c'],1,left,none,-99,-99,,62,,,,,,23,18,Man,Rechts,
,dotcolour,23,3,training,easy,easy,,,519,['c'],1,left,none,-99,-99,,63,,,,,,23,18,Man,Rechts,
,dotcolour,0,4,training,easy,easy,,,702,['c'],1,left,none,-99,-99,,61,,,,,,23,18,Man,Rechts,
,dotcolour,1,4,training,easy,easy,,,701,['c'],1,left,none,-99,-99,,61,,,,,,23,18,Man,Rechts,
,dotcolour,2,4,training,easy,easy,,,502,['n'],1,right,none,-99,-99,,18,,,,,,23,18,Man,Rechts,
,dotcolour,3,4,training,easy,easy,,,585,['n'],1,right,none,-99,-99,,17,,,,,,23,18,Man,Rechts,
,dotcolour,4,4,training,easy,easy,,,534,['n'],1,right,none,-99,-99,,19,,,,,,23,18,Man,Rechts,
,dotcolour,5,4,training,easy,easy,,,451,['c'],1,left,none,-99,-99,,64,,,,,,23,18,Man,Rechts,
,dotcolour,6,4,training,easy,easy,,,536,['c'],1,left,none,-99,-99,,61,,,,,,23,18,Man,Rechts,
,dotcolour,7,4,training,easy,easy,,,519,['n'],1,right,none,-99,-99,,17,,,,,,23,18,Man,Rechts,
,dotcolour,8,4,training,easy,easy,,,767,['n'],1,right,none,-99,-99,,19,,,,,,23,18,Man,Rechts,
,dotcolour,9,4,training,easy,easy,,,452,['c'],1,left,none,-99,-99,,65,,,,,,23,18,Man,Rechts,
,dotcolour,10,4,training,easy,easy,,,619,['n'],1,right,none,-99,-99,,16,,,,,,23,18,Man,Rechts,
,dotcolour,11,4,training,easy,easy,,,551,['n'],1,right,none,-99,-99,,19,,,,,,23,18,Man,Rechts,
,dotcolour,12,4,training,easy,easy,,,585,['c'],1,left,none,-99,-99,,64,,,,,,23,18,Man,Rechts,
,dotcolour,13,4,training,easy,easy,,,500,['n'],1,right,none,-99,-99,,18,,,,,,23,18,Man,Rechts,
,dotcolour,14,4,training,easy,easy,,,669,['n'],1,right,none,-99,-99,,17,,,,,,23,18,Man,Rechts,
,dotcolour,15,4,training,easy,easy,,,552,['c'],1,left,none,-99,-99,,61,,,,,,23,18,Man,Rechts,
,dotcolour,16,4,training,easy,easy,,,569,['n'],1,right,none,-99,-99,,16,,,,,,23,18,Man,Rechts,
,dotcolour,17,4,training,easy,easy,,,652,['c'],1,left,none,-99,-99,,63,,,,,,23,18,Man,Rechts,
,dotcolour,18,4,training,easy,easy,,,419,['n'],0,left,none,-99,-99,,65,,,,,,23,18,Man,Rechts,
,dotcolour,19,4,training,easy,easy,,,651,['c'],1,left,none,-99,-99,,62,,,,,,23,18,Man,Rechts,
,dotcolour,20,4,training,easy,easy,,,485,['c'],1,left,none,-99,-99,,64,,,,,,23,18,Man,Rechts,
,dotcolour,21,4,training,easy,easy,,,602,['n'],1,right,none,-99,-99,,15,,,,,,23,18,Man,Rechts,
,dotcolour,22,4,training,easy,easy,,,586,['n'],1,right,none,-99,-99,,18,,,,,,23,18,Man,Rechts,
,dotcolour,23,4,training,easy,easy,,,652,['c'],1,left,none,-99,-99,,64,,,,,,23,18,Man,Rechts,
,dotcolour,0,5,main,easy,hard,,,803,['n'],1,right,['0'],6,357,,35,,,,,,23,18,Man,Rechts,
,dotcolour,1,5,main,easy,easy,,,668,['c'],1,left,['0'],6,231,,63,,,,,,23,18,Man,Rechts,
,dotcolour,2,5,main,easy,easy,,,835,['n'],1,right,['0'],6,486,,17,,,,,,23,18,Man,Rechts,
,dotcolour,3,5,main,easy,hard,,,869,['n'],0,left,['9'],5,538,,41,,,,,,23,18,Man,Rechts,
,dotcolour,4,5,main,easy,average,,,1786,['c'],1,left,['9'],5,439,,47,,,,,,23,18,Man,Rechts,
,dotcolour,5,5,main,easy,hard,,,1786,['n'],0,left,['9'],5,327,,45,,,,,,23,18,Man,Rechts,
,dotcolour,6,5,main,easy,hard,,,2071,['n'],0,left,['9'],5,512,,41,,,,,,23,18,Man,Rechts,
,dotcolour,7,5,main,easy,easy,,,735,['c'],1,left,['0'],6,281,,64,,,,,,23,18,Man,Rechts,
,dotcolour,8,5,main,easy,hard,,,1436,['n'],0,left,['9'],5,1262,,44,,,,,,23,18,Man,Rechts,
,dotcolour,9,5,main,easy,easy,,,786,['c'],1,left,['0'],6,550,,65,,,,,,23,18,Man,Rechts,
,dotcolour,10,5,main,easy,average,,,752,['n'],1,right,['0'],6,60,,33,,,,,,23,18,Man,Rechts,
,dotcolour,11,5,main,easy,hard,,,1535,['n'],1,right,['0'],6,502,,39,,,,,,23,18,Man,Rechts,
,dotcolour,12,5,main,easy,average,,,1403,['c'],1,left,['9'],5,324,,49,,,,,,23,18,Man,Rechts,
,dotcolour,13,5,main,easy,easy,,,735,['n'],1,right,['0'],6,244,,19,,,,,,23,18,Man,Rechts,
,dotcolour,14,5,main,easy,hard,,,1937,['n'],1,right,['9'],5,294,,38,,,,,,23,18,Man,Rechts,
,dotcolour,15,5,main,easy,hard,,,784,['n'],1,right,['0'],6,486,,38,,,,,,23,18,Man,Rechts,
,dotcolour,16,5,main,easy,average,,,1402,['c'],1,left,['8'],4,116,,47,,,,,,23,18,Man,Rechts,
,dotcolour,17,5,main,easy,easy,,,652,['n'],1,right,['0'],6,224,,17,,,,,,23,18,Man,Rechts,
,dotcolour,18,5,main,easy,hard,,,1820,['n'],1,right,['9'],5,472,,37,,,,,,23,18,Man,Rechts,
,dotcolour,19,5,main,easy,easy,,,735,['n'],1,right,['0'],6,274,,15,,,,,,23,18,Man,Rechts,
,dotcolour,20,5,main,easy,hard,,,2688,['c'],1,left,['9'],5,420,,44,,,,,,23,18,Man,Rechts,
,dotcolour,21,5,main,easy,average,,,1636,['c'],1,left,['8'],4,235,,50,,,,,,23,18,Man,Rechts,
,dotcolour,22,5,main,easy,average,,,1336,['n'],1,right,['9'],5,710,,31,,,,,,23,18,Man,Rechts,
,dotcolour,23,5,main,easy,average,,,1285,['c'],1,left,['9'],5,208,,50,,,,,,23,18,Man,Rechts,
,dotcolour,24,5,main,easy,average,,,869,['n'],1,right,['9'],5,560,,33,,,,,,23,18,Man,Rechts,
,dotcolour,25,5,main,easy,hard,,,2036,['n'],1,right,['8'],4,305,,36,,,,,,23,18,Man,Rechts,
,dotcolour,26,5,main,easy,average,,,1053,['n'],1,right,['0'],6,293,,34,,,,,,23,18,Man,Rechts,
,dotcolour,27,5,main,easy,easy,,,802,['n'],1,right,['0'],6,276,,16,,,,,,23,18,Man,Rechts,
,dotcolour,28,5,main,easy,average,,,1402,['n'],1,right,['0'],6,939,,30,,,,,,23,18,Man,Rechts,
,dotcolour,29,5,main,easy,hard,,,1787,['n'],0,left,['9'],5,711,,42,,,,,,23,18,Man,Rechts,
,dotcolour,30,5,main,easy,average,,,936,['c'],1,left,['9'],5,303,,50,,,,,,23,18,Man,Rechts,
,dotcolour,31,5,main,easy,easy,,,752,['n'],1,right,['0'],6,255,,16,,,,,,23,18,Man,Rechts,
,dotcolour,32,5,main,easy,average,,,1119,['c'],1,left,['9'],5,739,,50,,,,,,23,18,Man,Rechts,
,dotcolour,33,5,main,easy,easy,,,669,['n'],1,right,['0'],6,389,,19,,,,,,23,18,Man,Rechts,
,dotcolour,34,5,main,easy,average,,,618,['n'],1,right,['0'],6,871,,30,,,,,,23,18,Man,Rechts,
,dotcolour,35,5,main,easy,average,,,852,['n'],1,right,['0'],6,204,,33,,,,,,23,18,Man,Rechts,
,dotcolour,36,5,main,easy,easy,,,785,['c'],1,left,['0'],6,223,,63,,,,,,23,18,Man,Rechts,
,dotcolour,37,5,main,easy,easy,,,736,['n'],1,right,['0'],6,627,,16,,,,,,23,18,Man,Rechts,
,dotcolour,38,5,main,easy,hard,,,1436,['c'],0,right,['3'],3,250,,37,,,,,,23,18,Man,Rechts,
,dotcolour,39,5,main,easy,easy,,,1102,['c'],1,left,['0'],6,174,,61,,,,,,23,18,Man,Rechts,
,dotcolour,40,5,main,easy,average,,,1736,['c'],1,left,['8'],4,508,,48,,,,,,23,18,Man,Rechts,
,dotcolour,41,5,main,easy,average,,,969,['n'],1,right,['9'],5,251,,32,,,,,,23,18,Man,Rechts,
,dotcolour,42,5,main,easy,hard,,,1654,['n'],1,right,['8'],4,200,,37,,,,,,23,18,Man,Rechts,
,dotcolour,43,5,main,easy,average,,,652,['n'],1,right,['9'],5,1152,,33,,,,,,23,18,Man,Rechts,
,dotcolour,44,5,main,easy,hard,,,1220,['n'],0,left,['9'],5,139,,45,,,,,,23,18,Man,Rechts,
,dotcolour,45,5,main,easy,hard,,,1135,['n'],1,right,['9'],5,418,,37,,,,,,23,18,Man,Rechts,
,dotcolour,46,5,main,easy,average,,,736,['c'],1,left,['0'],6,606,,50,,,,,,23,18,Man,Rechts,
,dotcolour,47,5,main,easy,hard,,,1403,['c'],1,left,['9'],5,343,,44,,,,,,23,18,Man,Rechts,
,dotcolour,48,5,main,easy,hard,,,1486,['n'],1,right,['9'],5,408,,39,,,,,,23,18,Man,Rechts,
,dotcolour,49,5,main,easy,easy,,,669,['c'],1,left,['9'],5,344,,64,,,,,,23,18,Man,Rechts,
,dotcolour,50,5,main,easy,easy,,,652,['c'],1,left,['0'],6,1051,,65,,,,,,23,18,Man,Rechts,
,dotcolour,51,5,main,easy,hard,,,1320,['c'],1,left,['9'],5,421,,43,,,,,,23,18,Man,Rechts,
,dotcolour,52,5,main,easy,hard,,,1102,['n'],0,left,['8'],4,450,,41,,,,,,23,18,Man,Rechts,
,dotcolour,53,5,main,easy,hard,,,1587,['c'],0,right,['9'],5,410,,37,,,,,,23,18,Man,Rechts,
,dotcolour,54,5,main,easy,easy,,,668,['c'],1,left,['0'],6,201,,64,,,,,,23,18,Man,Rechts,
,dotcolour,55,5,main,easy,average,,,569,['n'],1,right,['0'],6,197,,31,,,,,,23,18,Man,Rechts,
,dotcolour,56,5,main,easy,easy,,,902,['c'],1,left,['0'],6,243,,65,,,,,,23,18,Man,Rechts,
,dotcolour,57,5,main,easy,average,,,1085,['c'],1,left,['9'],5,457,,46,,,,,,23,18,Man,Rechts,
,dotcolour,58,5,main,easy,easy,,,767,['c'],1,left,['0'],6,482,,63,,,,,,23,18,Man,Rechts,
,dotcolour,59,5,main,easy,easy,,,585,['c'],1,left,['0'],6,130,,65,,,,,,23,18,Man,Rechts,
,dotcolour,60,5,main,easy,hard,,,1386,['c'],1,left,['0'],6,527,,44,,,,,,23,18,Man,Rechts,
,dotcolour,61,5,main,easy,average,,,769,['c'],1,left,['0'],6,374,,46,,,,,,23,18,Man,Rechts,
,dotcolour,62,5,main,easy,average,,,820,['n'],1,right,['0'],6,48,,34,,,,,,23,18,Man,Rechts,
,dotcolour,63,5,main,easy,easy,,,652,['c'],1,left,['0'],6,303,,63,,,,,,23,18,Man,Rechts,
,dotcolour,64,5,main,easy,easy,,,652,['n'],1,right,['0'],6,355,,18,,,,,,23,18,Man,Rechts,
,dotcolour,65,5,main,easy,easy,,,602,['n'],1,right,['0'],6,407,,16,,,,,,23,18,Man,Rechts,
,dotcolour,66,5,main,easy,average,,,1019,['n'],1,right,['9'],5,265,,30,,,,,,23,18,Man,Rechts,
,dotcolour,67,5,main,easy,average,,,1003,['c'],1,left,['0'],6,128,,47,,,,,,23,18,Man,Rechts,
,dotcolour,68,5,main,easy,hard,,,886,['n'],1,right,['0'],6,258,,35,,,,,,23,18,Man,Rechts,
,dotcolour,69,5,main,easy,easy,,,586,['n'],1,right,['0'],6,331,,16,,,,,,23,18,Man,Rechts,
,dotcolour,70,5,main,easy,hard,,,618,['c'],1,left,['9'],5,640,,42,,,,,,23,18,Man,Rechts,
,dotcolour,71,5,main,easy,easy,,,1019,['n'],1,right,['0'],6,135,,16,,,,,,23,18,Man,Rechts,
,dotcolour,0,6,main,easy,easy,,,718,['n'],1,right,['0'],6,240,,18,,,,,,23,18,Man,Rechts,
,dotcolour,1,6,main,easy,hard,,,602,['c'],1,left,['0'],6,441,,45,,,,,,23,18,Man,Rechts,
,dotcolour,2,6,main,easy,hard,,,1602,['c'],1,left,['9'],5,2,,41,,,,,,23,18,Man,Rechts,
,dotcolour,3,6,main,easy,average,,,686,['c'],1,left,['0'],6,305,,50,,,,,,23,18,Man,Rechts,
,dotcolour,4,6,main,easy,average,,,953,['c'],1,left,['9'],5,649,,48,,,,,,23,18,Man,Rechts,
,dotcolour,5,6,main,easy,average,,,736,['c'],1,left,['0'],6,347,,47,,,,,,23,18,Man,Rechts,
,dotcolour,6,6,main,easy,easy,,,635,['c'],1,left,['0'],6,350,,63,,,,,,23,18,Man,Rechts,
,dotcolour,7,6,main,easy,hard,,,1019,['c'],1,left,['0'],6,145,,45,,,,,,23,18,Man,Rechts,
,dotcolour,8,6,main,easy,easy,,,653,['c'],1,left,['0'],6,253,,62,,,,,,23,18,Man,Rechts,
,dotcolour,9,6,main,easy,hard,,,852,['c'],1,left,['9'],5,283,,43,,,,,,23,18,Man,Rechts,
,dotcolour,10,6,main,easy,easy,,,652,['c'],1,left,['0'],6,112,,62,,,,,,23,18,Man,Rechts,
,dotcolour,11,6,main,easy,average,,,685,['c'],1,left,['0'],6,203,,50,,,,,,23,18,Man,Rechts,
,dotcolour,12,6,main,easy,easy,,,718,['n'],1,right,['0'],6,1201,,19,,,,,,23,18,Man,Rechts,
,dotcolour,13,6,main,easy,easy,,,551,['c'],1,left,['0'],6,308,,64,,,,,,23,18,Man,Rechts,
,dotcolour,14,6,main,easy,easy,,,818,['n'],1,right,['0'],6,1313,,19,,,,,,23,18,Man,Rechts,
,dotcolour,15,6,main,easy,easy,,,718,['n'],1,right,['0'],6,1306,,18,,,,,,23,18,Man,Rechts,
,dotcolour,16,6,main,easy,hard,,,902,['n'],1,right,['9'],5,283,,38,,,,,,23,18,Man,Rechts,
,dotcolour,17,6,main,easy,hard,,,669,['c'],1,left,['9'],5,351,,44,,,,,,23,18,Man,Rechts,
,dotcolour,18,6,main,easy,easy,,,585,['c'],1,left,['9'],5,549,,61,,,,,,23,18,Man,Rechts,
,dotcolour,19,6,main,easy,hard,,,769,['n'],1,right,['0'],6,218,,36,,,,,,23,18,Man,Rechts,
,dotcolour,20,6,main,easy,average,,,618,['n'],1,right,['9'],5,515,,32,,,,,,23,18,Man,Rechts,
,dotcolour,21,6,main,easy,easy,,,636,['c'],1,left,['0'],6,303,,61,,,,,,23,18,Man,Rechts,
,dotcolour,22,6,main,easy,hard,,,952,['n'],1,right,['9'],5,280,,36,,,,,,23,18,Man,Rechts,
,dotcolour,23,6,main,easy,average,,,602,['n'],1,right,['0'],6,111,,30,,,,,,23,18,Man,Rechts,
,dotcolour,24,6,main,easy,easy,,,635,['n'],1,right,['0'],6,236,,16,,,,,,23,18,Man,Rechts,
,dotcolour,25,6,main,easy,average,,,1870,['n'],1,right,['8'],4,369,,34,,,,,,23,18,Man,Rechts,
,dotcolour,26,6,main,easy,average,,,1019,['c'],1,left,['9'],5,292,,46,,,,,,23,18,Man,Rechts,
,dotcolour,27,6,main,easy,average,,,2337,['n'],1,right,['8'],4,293,,33,,,,,,23,18,Man,Rechts,
,dotcolour,28,6,main,easy,hard,,,1185,['c'],1,left,['9'],5,947,,44,,,,,,23,18,Man,Rechts,
,dotcolour,29,6,main,easy,average,,,1018,['c'],1,left,['9'],5,254,,46,,,,,,23,18,Man,Rechts,
,dotcolour,30,6,main,easy,average,,,735,['n'],1,right,['0'],6,689,,31,,,,,,23,18,Man,Rechts,
,dotcolour,31,6,main,easy,hard,,,968,['n'],1,right,['8'],4,89,,35,,,,,,23,18,Man,Rechts,
,dotcolour,32,6,main,easy,easy,,,686,['c'],1,left,['0'],6,293,,65,,,,,,23,18,Man,Rechts,
,dotcolour,33,6,main,easy,hard,,,619,['c'],1,left,['9'],5,443,,45,,,,,,23,18,Man,Rechts,
,dotcolour,34,6,main,easy,easy,,,617,['c'],1,left,['0'],6,283,,65,,,,,,23,18,Man,Rechts,
,dotcolour,35,6,main,easy,easy,,,486,['n'],1,right,['0'],6,167,,18,,,,,,23,18,Man,Rechts,
,dotcolour,36,6,main,easy,average,,,669,['n'],1,right,['9'],5,304,,30,,,,,,23,18,Man,Rechts,
,dotcolour,37,6,main,easy,easy,,,669,['n'],1,right,['0'],6,484,,15,,,,,,23,18,Man,Rechts,
,dotcolour,38,6,main,easy,easy,,,1018,['n'],1,right,['0'],6,274,,15,,,,,,23,18,Man,Rechts,
,dotcolour,39,6,main,easy,hard,,,1636,['c'],1,left,['9'],5,335,,44,,,,,,23,18,Man,Rechts,
,dotcolour,40,6,main,easy,hard,,,1268,['n'],1,right,['9'],5,201,,37,,,,,,23,18,Man,Rechts,
,dotcolour,41,6,main,easy,average,,,1219,['c'],1,left,['8'],4,90,,48,,,,,,23,18,Man,Rechts,
,dotcolour,42,6,main,easy,hard,,,1436,['n'],0,left,['8'],4,359,,45,,,,,,23,18,Man,Rechts,
,dotcolour,43,6,main,easy,easy,,,818,['c'],1,left,['0'],6,306,,61,,,,,,23,18,Man,Rechts,
,dotcolour,44,6,main,easy,average,,,618,['n'],1,right,['0'],6,296,,31,,,,,,23,18,Man,Rechts,
,dotcolour,45,6,main,easy,hard,,,1103,['c'],0,right,['9'],5,59,,38,,,,,,23,18,Man,Rechts,
,dotcolour,46,6,main,easy,average,,,852,['n'],1,right,['0'],6,929,,32,,,,,,23,18,Man,Rechts,
,dotcolour,47,6,main,easy,easy,,,686,['c'],1,left,['0'],6,395,,62,,,,,,23,18,Man,Rechts,
,dotcolour,48,6,main,easy,easy,,,802,['n'],1,right,['0'],6,453,,19,,,,,,23,18,Man,Rechts,
,dotcolour,49,6,main,easy,easy,,,601,['n'],1,right,['0'],6,294,,17,,,,,,23,18,Man,Rechts,
,dotcolour,50,6,main,easy,hard,,,2087,['c'],1,left,['3'],3,544,,42,,,,,,23,18,Man,Rechts,
,dotcolour,51,6,main,easy,average,,,769,['n'],1,right,['9'],5,310,,30,,,,,,23,18,Man,Rechts,
,dotcolour,52,6,main,easy,hard,,,1119,['c'],1,left,['9'],5,519,,45,,,,,,23,18,Man,Rechts,
,dotcolour,53,6,main,easy,average,,,952,['n'],0,left,['8'],4,294,,47,,,,,,23,18,Man,Rechts,
,dotcolour,54,6,main,easy,hard,,,1369,['c'],0,right,['9'],5,526,,38,,,,,,23,18,Man,Rechts,
,dotcolour,55,6,main,easy,easy,,,869,['n'],1,right,['0'],6,64,,16,,,,,,23,18,Man,Rechts,
,dotcolour,56,6,main,easy,average,,,919,['n'],1,right,['0'],6,260,,33,,,,,,23,18,Man,Rechts,
,dotcolour,57,6,main,easy,average,,,819,['c'],1,left,['9'],5,419,,48,,,,,,23,18,Man,Rechts,
,dotcolour,58,6,main,easy,average,,,1169,['c'],1,left,['9'],5,733,,47,,,,,,23,18,Man,Rechts,
,dotcolour,59,6,main,easy,hard,,,736,['n'],1,right,['0'],6,348,,38,,,,,,23,18,Man,Rechts,
,dotcolour,60,6,main,easy,hard,,,986,['c'],0,right,['0'],6,273,,35,,,,,,23,18,Man,Rechts,
,dotcolour,61,6,main,easy,hard,,,751,['n'],1,right,['9'],5,322,,35,,,,,,23,18,Man,Rechts,
,dotcolour,62,6,main,easy,easy,,,719,['n'],1,right,['0'],6,244,,17,,,,,,23,18,Man,Rechts,
,dotcolour,63,6,main,easy,average,,,635,['c'],1,left,['0'],6,347,,49,,,,,,23,18,Man,Rechts,
,dotcolour,64,6,main,easy,average,,,702,['n'],1,right,['0'],6,508,,32,,,,,,23,18,Man,Rechts,
,dotcolour,65,6,main,easy,hard,,,1086,['c'],1,left,['9'],5,22,,43,,,,,,23,18,Man,Rechts,
,dotcolour,66,6,main,easy,average,,,786,['n'],0,left,['9'],5,432,,47,,,,,,23,18,Man,Rechts,
,dotcolour,67,6,main,easy,easy,,,885,['c'],1,left,['0'],6,246,,63,,,,,,23,18,Man,Rechts,
,dotcolour,68,6,main,easy,average,,,836,['n'],1,right,['0'],6,933,,34,,,,,,23,18,Man,Rechts,
,dotcolour,69,6,main,easy,hard,,,1087,['c'],0,right,['8'],4,222,,38,,,,,,23,18,Man,Rechts,
,dotcolour,70,6,main,easy,hard,,,1753,['c'],0,right,['8'],4,456,,39,,,,,,23,18,Man,Rechts,
,dotcolour,71,6,main,easy,easy,,,702,['c'],1,left,['0'],6,372,,64,,,,,,23,18,Man,Rechts,
,dotcolour,0,7,main,easy,hard,,,669,['n'],0,left,['9'],5,51,,41,,,,,,23,18,Man,Rechts,
,dotcolour,1,7,main,easy,easy,,,667,['c'],1,left,['0'],6,209,,65,,,,,,23,18,Man,Rechts,
,dotcolour,2,7,main,easy,easy,,,818,['n'],1,right,['0'],6,210,,16,,,,,,23,18,Man,Rechts,
,dotcolour,3,7,main,easy,average,,,802,['n'],1,right,['0'],6,341,,34,,,,,,23,18,Man,Rechts,
,dotcolour,4,7,main,easy,average,,,835,['c'],1,left,['9'],5,176,,50,,,,,,23,18,Man,Rechts,
,dotcolour,5,7,main,easy,hard,,,601,['n'],0,left,['9'],5,124,,43,,,,,,23,18,Man,Rechts,
,dotcolour,6,7,main,easy,average,,,1370,['c'],1,left,['9'],5,26,,48,,,,,,23,18,Man,Rechts,
,dotcolour,7,7,main,easy,easy,,,1202,['n'],1,right,['0'],6,132,,15,,,,,,23,18,Man,Rechts,
,dotcolour,8,7,main,easy,hard,,,1086,['c'],0,right,['9'],5,461,,39,,,,,,23,18,Man,Rechts,
,dotcolour,9,7,main,easy,hard,,,618,['n'],1,right,['0'],6,637,,38,,,,,,23,18,Man,Rechts,
,dotcolour,10,7,main,easy,average,,,1302,['c'],1,left,['8'],4,265,,46,,,,,,23,18,Man,Rechts,
,dotcolour,11,7,main,easy,hard,,,918,['n'],0,left,['9'],5,259,,42,,,,,,23,18,Man,Rechts,
,dotcolour,12,7,main,easy,easy,,,801,['n'],1,right,['0'],6,211,,18,,,,,,23,18,Man,Rechts,
,dotcolour,13,7,main,easy,easy,,,534,['c'],1,left,['0'],6,529,,65,,,,,,23,18,Man,Rechts,
,dotcolour,14,7,main,easy,easy,,,869,['c'],1,left,['0'],6,547,,64,,,,,,23,18,Man,Rechts,
,dotcolour,15,7,main,easy,average,,,2237,['n'],1,right,['0'],6,268,,30,,,,,,23,18,Man,Rechts,
,dotcolour,16,7,main,easy,average,,,1336,['n'],1,right,['0'],6,327,,32,,,,,,23,18,Man,Rechts,
,dotcolour,17,7,main,easy,hard,,,1703,['n'],0,left,['9'],5,47,,44,,,,,,23,18,Man,Rechts,
,dotcolour,18,7,main,easy,average,,,1052,['n'],1,right,['9'],5,381,,31,,,,,,23,18,Man,Rechts,
,dotcolour,19,7,main,easy,average,,,903,['n'],1,right,['9'],5,548,,31,,,,,,23,18,Man,Rechts,
,dotcolour,20,7,main,easy,hard,,,2738,['c'],0,right,['3'],3,360,,39,,,,,,23,18,Man,Rechts,
,dotcolour,21,7,main,easy,hard,,,736,['n'],1,right,['0'],6,519,,37,,,,,,23,18,Man,Rechts,
,dotcolour,22,7,main,easy,easy,,,619,['c'],1,left,['0'],6,180,,65,,,,,,23,18,Man,Rechts,
,dotcolour,23,7,main,easy,easy,,,701,['c'],1,left,['0'],6,267,,65,,,,,,23,18,Man,Rechts,
,dotcolour,24,7,main,easy,average,,,1069,['c'],1,left,['0'],6,304,,49,,,,,,23,18,Man,Rechts,
,dotcolour,25,7,main,easy,average,,,802,['n'],1,right,['0'],6,558,,32,,,,,,23,18,Man,Rechts,
,dotcolour,26,7,main,easy,easy,,,1769,['c'],1,left,['0'],6,2026,,65,,,,,,23,18,Man,Rechts,
,dotcolour,27,7,main,easy,hard,,,669,['n'],1,right,['0'],6,359,,39,,,,,,23,18,Man,Rechts,
,dotcolour,28,7,main,easy,average,,,1470,['c'],1,left,['9'],5,296,,46,,,,,,23,18,Man,Rechts,
,dotcolour,29,7,main,easy,easy,,,835,['c'],1,left,['0'],6,310,,63,,,,,,23,18,Man,Rechts,
,dotcolour,30,7,main,easy,hard,,,702,['n'],1,right,['0'],6,312,,35,,,,,,23,18,Man,Rechts,
,dotcolour,31,7,main,easy,average,,,1386,['c'],1,left,['0'],6,1102,,50,,,,,,23,18,Man,Rechts,
,dotcolour,32,7,main,easy,easy,,,685,['n'],1,right,['0'],6,384,,16,,,,,,23,18,Man,Rechts,
,dotcolour,33,7,main,easy,hard,,,1921,['c'],0,right,['9'],5,285,,38,,,,,,23,18,Man,Rechts,
,dotcolour,34,7,main,easy,easy,,,535,['n'],1,right,['0'],6,407,,15,,,,,,23,18,Man,Rechts,
,dotcolour,35,7,main,easy,easy,,,619,['c'],1,left,['0'],6,377,,65,,,,,,23,18,Man,Rechts,
,dotcolour,36,7,main,easy,hard,,,484,['n'],0,left,['0'],6,273,,41,,,,,,23,18,Man,Rechts,
,dotcolour,37,7,main,easy,easy,,,618,['n'],1,right,['0'],6,569,,15,,,,,,23,18,Man,Rechts,
,dotcolour,38,7,main,easy,average,,,619,['c'],0,right,['0'],6,243,,31,,,,,,23,18,Man,Rechts,
,dotcolour,39,7,main,easy,hard,,,1286,['c'],1,left,['8'],4,880,,42,,,,,,23,18,Man,Rechts,
,dotcolour,40,7,main,easy,average,,,836,['c'],1,left,['0'],6,246,,50,,,,,,23,18,Man,Rechts,
,dotcolour,41,7,main,easy,hard,,,1786,['n'],0,left,['3'],3,239,,41,,,,,,23,18,Man,Rechts,
,dotcolour,42,7,main,easy,average,,,1837,['n'],0,left,['8'],4,85,,47,,,,,,23,18,Man,Rechts,
,dotcolour,43,7,main,easy,hard,,,1169,['n'],1,right,['8'],4,189,,35,,,,,,23,18,Man,Rechts,
,dotcolour,44,7,main,easy,hard,,,1319,['n'],1,right,['9'],5,186,,35,,,,,,23,18,Man,Rechts,
,dotcolour,45,7,main,easy,hard,,,902,['c'],1,left,['8'],4,249,,44,,,,,,23,18,Man,Rechts,
,dotcolour,46,7,main,easy,easy,,,1085,['c'],1,left,['0'],6,494,,61,,,,,,23,18,Man,Rechts,
,dotcolour,47,7,main,easy,easy,,,819,['n'],1,right,['0'],6,276,,19,,,,,,23,18,Man,Rechts,
,dotcolour,48,7,main,easy,average,,,969,['n'],1,right,['9'],5,253,,32,,,,,,23,18,Man,Rechts,
,dotcolour,49,7,main,easy,hard,,,768,['n'],0,left,['9'],5,382,,41,,,,,,23,18,Man,Rechts,
,dotcolour,50,7,main,easy,hard,,,1368,['n'],1,right,['2'],2,1522,,39,,,,,,23,18,Man,Rechts,
,dotcolour,51,7,main,easy,hard,,,1386,['c'],1,left,['9'],5,278,,45,,,,,,23,18,Man,Rechts,
,dotcolour,52,7,main,easy,hard,,,2604,['n'],0,left,['8'],4,252,,41,,,,,,23,18,Man,Rechts,
,dotcolour,53,7,main,easy,hard,,,1537,['n'],1,right,['8'],4,462,,37,,,,,,23,18,Man,Rechts,
,dotcolour,54,7,main,easy,easy,,,735,['c'],1,left,['0'],6,377,,64,,,,,,23,18,Man,Rechts,
,dotcolour,55,7,main,easy,average,,,1285,['n'],1,right,['9'],5,416,,32,,,,,,23,18,Man,Rechts,
,dotcolour,56,7,main,easy,average,,,1320,['c'],1,left,['0'],6,501,,46,,,,,,23,18,Man,Rechts,
,dotcolour,57,7,main,easy,easy,,,668,['n'],1,right,['0'],6,256,,17,,,,,,23,18,Man,Rechts,
,dotcolour,58,7,main,easy,average,,,1353,['n'],1,right,['9'],5,346,,31,,,,,,23,18,Man,Rechts,
,dotcolour,59,7,main,easy,easy,,,668,['n'],1,right,['0'],6,300,,16,,,,,,23,18,Man,Rechts,
,dotcolour,60,7,main,easy,average,,,820,['c'],1,left,['9'],5,73,,49,,,,,,23,18,Man,Rechts,
,dotcolour,61,7,main,easy,average,,,1336,['n'],1,right,['9'],5,396,,33,,,,,,23,18,Man,Rechts,
,dotcolour,62,7,main,easy,easy,,,685,['n'],1,right,['0'],6,267,,16,,,,,,23,18,Man,Rechts,
,dotcolour,63,7,main,easy,easy,,,653,['c'],1,left,['0'],6,321,,65,,,,,,23,18,Man,Rechts,
,dotcolour,64,7,main,easy,hard,,,784,['n'],0,left,['9'],5,511,,43,,,,,,23,18,Man,Rechts,
,dotcolour,65,7,main,easy,average,,,603,['n'],1,right,['0'],6,285,,30,,,,,,23,18,Man,Rechts,
,dotcolour,66,7,main,easy,average,,,685,['c'],1,left,['9'],5,337,,46,,,,,,23,18,Man,Rechts,
,dotcolour,67,7,main,easy,easy,,,652,['c'],1,left,['0'],6,292,,65,,,,,,23,18,Man,Rechts,
,dotcolour,68,7,main,easy,easy,,,636,['n'],1,right,['0'],6,457,,18,,,,,,23,18,Man,Rechts,
,dotcolour,69,7,main,easy,average,,,652,['c'],1,left,['0'],6,296,,50,,,,,,23,18,Man,Rechts,
,dotcolour,70,7,main,easy,hard,,,652,['n'],1,right,['9'],5,717,,37,,,,,,23,18,Man,Rechts,
,dotcolour,71,7,main,easy,easy,,,601,['n'],1,right,['0'],6,274,,16,,,,,,23,18,Man,Rechts,
,,,,,,,,,,,,,,,,,,de taken waen redelijk mentaal vermoeiend doordat het zo snel voorbij flitsten,"xo taak, dot number taak, dot colour taak",makkelijkere boorbeelden als ervoor,onderschatten van moeilijkheid soms,1613580046,,,,,
